2026-06-09T19:29:08.736+05:30  INFO 9424 --- [main] com.example.Backend.BackendApplication   : Starting BackendApplication using Java 17.0.12 with PID 9424 (D:\Projects\saas\Backend\target\classes started by Admin in D:\Projects\saas\Backend)
2026-06-09T19:29:08.748+05:30  INFO 9424 --- [main] com.example.Backend.BackendApplication   : No active profile set, falling back to 1 default profile: "default"
2026-06-09T19:29:10.120+05:30  INFO 9424 --- [main] .s.d.r.c.RepositoryConfigurationDelegate : Bootstrapping Spring Data JPA repositories in DEFAULT mode.
2026-06-09T19:29:10.288+05:30  INFO 9424 --- [main] .s.d.r.c.RepositoryConfigurationDelegate : Finished Spring Data repository scanning in 153 ms. Found 18 JPA repository interfaces.
2026-06-09T19:29:11.265+05:30  INFO 9424 --- [main] o.s.b.w.embedded.tomcat.TomcatWebServer  : Tomcat initialized with port 8080 (http)
2026-06-09T19:29:11.287+05:30  INFO 9424 --- [main] o.apache.catalina.core.StandardService   : Starting service [Tomcat]
2026-06-09T19:29:11.288+05:30  INFO 9424 --- [main] o.apache.catalina.core.StandardEngine    : Starting Servlet engine: [Apache Tomcat/10.1.31]
2026-06-09T19:29:11.378+05:30  INFO 9424 --- [main] o.a.c.c.C.[Tomcat].[localhost].[/]       : Initializing Spring embedded WebApplicationContext
2026-06-09T19:29:11.379+05:30  INFO 9424 --- [main] w.s.c.ServletWebServerApplicationContext : Root WebApplicationContext: initialization completed in 2564 ms
2026-06-09T19:29:11.566+05:30  INFO 9424 --- [main] o.hibernate.jpa.internal.util.LogHelper  : HHH000204: Processing PersistenceUnitInfo [name: default]
2026-06-09T19:29:11.666+05:30  INFO 9424 --- [main] org.hibernate.Version                    : HHH000412: Hibernate ORM core version 6.5.3.Final
2026-06-09T19:29:11.720+05:30  INFO 9424 --- [main] o.h.c.internal.RegionFactoryInitiator    : HHH000026: Second-level cache disabled
2026-06-09T19:29:12.191+05:30  INFO 9424 --- [main] o.s.o.j.p.SpringPersistenceUnitInfo      : No LoadTimeWeaver setup: ignoring JPA class transformer
2026-06-09T19:29:12.240+05:30  INFO 9424 --- [main] com.zaxxer.hikari.HikariDataSource       : HikariPool-1 - Starting...
2026-06-09T19:29:12.551+05:30  INFO 9424 --- [main] com.zaxxer.hikari.pool.HikariPool        : HikariPool-1 - Added connection org.postgresql.jdbc.PgConnection@642c72cf
2026-06-09T19:29:12.554+05:30  INFO 9424 --- [main] com.zaxxer.hikari.HikariDataSource       : HikariPool-1 - Start completed.
2026-06-09T19:29:12.606+05:30  WARN 9424 --- [main] org.hibernate.orm.deprecation            : HHH90000025: PostgreSQLDialect does not need to be specified explicitly using 'hibernate.dialect' (remove the property setting and it will be selected by default)
2026-06-09T19:29:14.201+05:30  INFO 9424 --- [main] o.h.e.t.j.p.i.JtaPlatformInitiator       : HHH000489: No JTA platform available (set 'hibernate.transaction.jta.platform' to enable JTA platform integration)
2026-06-09T19:29:14.207+05:30  INFO 9424 --- [main] j.LocalContainerEntityManagerFactoryBean : Initialized JPA EntityManagerFactory for persistence unit 'default'
2026-06-09T19:29:14.291+05:30  INFO 9424 --- [main] .m.r.CurrentTenantIdentifierResolverImpl : Resolved tenant: public
2026-06-09T19:29:14.335+05:30  INFO 9424 --- [main] .m.r.CurrentTenantIdentifierResolverImpl : Resolved tenant: public
2026-06-09T19:29:14.422+05:30  INFO 9424 --- [main] .m.r.CurrentTenantIdentifierResolverImpl : Resolved tenant: public
2026-06-09T19:29:14.479+05:30  INFO 9424 --- [main] .m.r.CurrentTenantIdentifierResolverImpl : Resolved tenant: public
2026-06-09T19:29:14.485+05:30  INFO 9424 --- [main] .m.r.CurrentTenantIdentifierResolverImpl : Resolved tenant: public
2026-06-09T19:29:14.552+05:30  INFO 9424 --- [main] .m.r.CurrentTenantIdentifierResolverImpl : Resolved tenant: public
2026-06-09T19:29:14.553+05:30  INFO 9424 --- [main] .m.r.CurrentTenantIdentifierResolverImpl : Resolved tenant: public
2026-06-09T19:29:14.555+05:30  INFO 9424 --- [main] .m.r.CurrentTenantIdentifierResolverImpl : Resolved tenant: public
2026-06-09T19:29:14.556+05:30  INFO 9424 --- [main] .m.r.CurrentTenantIdentifierResolverImpl : Resolved tenant: public
2026-06-09T19:29:14.560+05:30  INFO 9424 --- [main] .m.r.CurrentTenantIdentifierResolverImpl : Resolved tenant: public
2026-06-09T19:29:14.561+05:30  INFO 9424 --- [main] .m.r.CurrentTenantIdentifierResolverImpl : Resolved tenant: public
2026-06-09T19:29:14.564+05:30  INFO 9424 --- [main] .m.r.CurrentTenantIdentifierResolverImpl : Resolved tenant: public
2026-06-09T19:29:14.565+05:30  INFO 9424 --- [main] .m.r.CurrentTenantIdentifierResolverImpl : Resolved tenant: public
2026-06-09T19:29:14.688+05:30  INFO 9424 --- [main] .m.r.CurrentTenantIdentifierResolverImpl : Resolved tenant: public
2026-06-09T19:29:14.700+05:30  INFO 9424 --- [main] .m.r.CurrentTenantIdentifierResolverImpl : Resolved tenant: public
2026-06-09T19:29:14.704+05:30  INFO 9424 --- [main] .m.r.CurrentTenantIdentifierResolverImpl : Resolved tenant: public
2026-06-09T19:29:14.705+05:30  INFO 9424 --- [main] .m.r.CurrentTenantIdentifierResolverImpl : Resolved tenant: public
2026-06-09T19:29:14.707+05:30  INFO 9424 --- [main] .m.r.CurrentTenantIdentifierResolverImpl : Resolved tenant: public
2026-06-09T19:29:14.708+05:30  INFO 9424 --- [main] .m.r.CurrentTenantIdentifierResolverImpl : Resolved tenant: public
2026-06-09T19:29:14.721+05:30  INFO 9424 --- [main] .m.r.CurrentTenantIdentifierResolverImpl : Resolved tenant: public
2026-06-09T19:29:14.722+05:30  INFO 9424 --- [main] .m.r.CurrentTenantIdentifierResolverImpl : Resolved tenant: public
2026-06-09T19:29:14.725+05:30  INFO 9424 --- [main] .m.r.CurrentTenantIdentifierResolverImpl : Resolved tenant: public
2026-06-09T19:29:14.726+05:30  INFO 9424 --- [main] .m.r.CurrentTenantIdentifierResolverImpl : Resolved tenant: public
2026-06-09T19:29:14.736+05:30  INFO 9424 --- [main] .m.r.CurrentTenantIdentifierResolverImpl : Resolved tenant: public
2026-06-09T19:29:14.746+05:30  INFO 9424 --- [main] .m.r.CurrentTenantIdentifierResolverImpl : Resolved tenant: public
2026-06-09T19:29:14.768+05:30  INFO 9424 --- [main] o.s.d.j.r.query.QueryEnhancerFactory     : Hibernate is in classpath; If applicable, HQL parser will be used.
2026-06-09T19:29:14.960+05:30  INFO 9424 --- [main] .m.r.CurrentTenantIdentifierResolverImpl : Resolved tenant: public
2026-06-09T19:29:14.961+05:30  INFO 9424 --- [main] .m.r.CurrentTenantIdentifierResolverImpl : Resolved tenant: public
2026-06-09T19:29:14.965+05:30  INFO 9424 --- [main] .m.r.CurrentTenantIdentifierResolverImpl : Resolved tenant: public
2026-06-09T19:29:15.170+05:30  INFO 9424 --- [main] .m.r.CurrentTenantIdentifierResolverImpl : Resolved tenant: public
2026-06-09T19:29:15.171+05:30  INFO 9424 --- [main] .m.r.CurrentTenantIdentifierResolverImpl : Resolved tenant: public
2026-06-09T19:29:15.172+05:30  INFO 9424 --- [main] .m.r.CurrentTenantIdentifierResolverImpl : Resolved tenant: public
2026-06-09T19:29:15.175+05:30  INFO 9424 --- [main] .m.r.CurrentTenantIdentifierResolverImpl : Resolved tenant: public
2026-06-09T19:29:15.175+05:30  INFO 9424 --- [main] .m.r.CurrentTenantIdentifierResolverImpl : Resolved tenant: public
2026-06-09T19:29:15.215+05:30  INFO 9424 --- [main] .m.r.CurrentTenantIdentifierResolverImpl : Resolved tenant: public
2026-06-09T19:29:15.216+05:30  INFO 9424 --- [main] .m.r.CurrentTenantIdentifierResolverImpl : Resolved tenant: public
2026-06-09T19:29:15.219+05:30  INFO 9424 --- [main] .m.r.CurrentTenantIdentifierResolverImpl : Resolved tenant: public
2026-06-09T19:29:15.294+05:30  INFO 9424 --- [main] .m.r.CurrentTenantIdentifierResolverImpl : Resolved tenant: public
2026-06-09T19:29:15.295+05:30  INFO 9424 --- [main] .m.r.CurrentTenantIdentifierResolverImpl : Resolved tenant: public
2026-06-09T19:29:15.296+05:30  INFO 9424 --- [main] .m.r.CurrentTenantIdentifierResolverImpl : Resolved tenant: public
2026-06-09T19:29:15.306+05:30  INFO 9424 --- [main] .m.r.CurrentTenantIdentifierResolverImpl : Resolved tenant: public
2026-06-09T19:29:15.310+05:30  INFO 9424 --- [main] .m.r.CurrentTenantIdentifierResolverImpl : Resolved tenant: public
2026-06-09T19:29:15.325+05:30  INFO 9424 --- [main] .m.r.CurrentTenantIdentifierResolverImpl : Resolved tenant: public
2026-06-09T19:29:15.332+05:30  INFO 9424 --- [main] .m.r.CurrentTenantIdentifierResolverImpl : Resolved tenant: public
2026-06-09T19:29:15.336+05:30  INFO 9424 --- [main] .m.r.CurrentTenantIdentifierResolverImpl : Resolved tenant: public
2026-06-09T19:29:15.337+05:30  INFO 9424 --- [main] .m.r.CurrentTenantIdentifierResolverImpl : Resolved tenant: public
2026-06-09T19:29:15.466+05:30  INFO 9424 --- [main] .m.r.CurrentTenantIdentifierResolverImpl : Resolved tenant: public
2026-06-09T19:29:15.476+05:30  INFO 9424 --- [main] .m.r.CurrentTenantIdentifierResolverImpl : Resolved tenant: public
2026-06-09T19:29:15.480+05:30  INFO 9424 --- [main] .m.r.CurrentTenantIdentifierResolverImpl : Resolved tenant: public
2026-06-09T19:29:15.480+05:30  INFO 9424 --- [main] .m.r.CurrentTenantIdentifierResolverImpl : Resolved tenant: public
2026-06-09T19:29:15.482+05:30  INFO 9424 --- [main] .m.r.CurrentTenantIdentifierResolverImpl : Resolved tenant: public
2026-06-09T19:29:15.483+05:30  INFO 9424 --- [main] .m.r.CurrentTenantIdentifierResolverImpl : Resolved tenant: public
2026-06-09T19:29:15.485+05:30  INFO 9424 --- [main] .m.r.CurrentTenantIdentifierResolverImpl : Resolved tenant: public
2026-06-09T19:29:15.485+05:30  INFO 9424 --- [main] .m.r.CurrentTenantIdentifierResolverImpl : Resolved tenant: public
2026-06-09T19:29:15.494+05:30  INFO 9424 --- [main] .m.r.CurrentTenantIdentifierResolverImpl : Resolved tenant: public
2026-06-09T19:29:15.495+05:30  INFO 9424 --- [main] .m.r.CurrentTenantIdentifierResolverImpl : Resolved tenant: public
2026-06-09T19:29:15.497+05:30  INFO 9424 --- [main] .m.r.CurrentTenantIdentifierResolverImpl : Resolved tenant: public
2026-06-09T19:29:15.498+05:30  INFO 9424 --- [main] .m.r.CurrentTenantIdentifierResolverImpl : Resolved tenant: public
2026-06-09T19:29:15.506+05:30  INFO 9424 --- [main] .m.r.CurrentTenantIdentifierResolverImpl : Resolved tenant: public
2026-06-09T19:29:15.507+05:30  INFO 9424 --- [main] .m.r.CurrentTenantIdentifierResolverImpl : Resolved tenant: public
2026-06-09T19:29:15.509+05:30  INFO 9424 --- [main] .m.r.CurrentTenantIdentifierResolverImpl : Resolved tenant: public
2026-06-09T19:29:15.510+05:30  INFO 9424 --- [main] .m.r.CurrentTenantIdentifierResolverImpl : Resolved tenant: public
2026-06-09T19:29:15.511+05:30  INFO 9424 --- [main] .m.r.CurrentTenantIdentifierResolverImpl : Resolved tenant: public
2026-06-09T19:29:15.512+05:30  INFO 9424 --- [main] .m.r.CurrentTenantIdentifierResolverImpl : Resolved tenant: public
2026-06-09T19:29:15.520+05:30  INFO 9424 --- [main] .m.r.CurrentTenantIdentifierResolverImpl : Resolved tenant: public
2026-06-09T19:29:15.521+05:30  INFO 9424 --- [main] .m.r.CurrentTenantIdentifierResolverImpl : Resolved tenant: public
2026-06-09T19:29:15.524+05:30  INFO 9424 --- [main] .m.r.CurrentTenantIdentifierResolverImpl : Resolved tenant: public
2026-06-09T19:29:15.525+05:30  INFO 9424 --- [main] .m.r.CurrentTenantIdentifierResolverImpl : Resolved tenant: public
2026-06-09T19:29:15.543+05:30  INFO 9424 --- [main] .m.r.CurrentTenantIdentifierResolverImpl : Resolved tenant: public
2026-06-09T19:29:15.549+05:30  INFO 9424 --- [main] .m.r.CurrentTenantIdentifierResolverImpl : Resolved tenant: public
2026-06-09T19:29:15.584+05:30  INFO 9424 --- [main] .m.r.CurrentTenantIdentifierResolverImpl : Resolved tenant: public
2026-06-09T19:29:15.586+05:30  INFO 9424 --- [main] .m.r.CurrentTenantIdentifierResolverImpl : Resolved tenant: public
2026-06-09T19:29:15.587+05:30  INFO 9424 --- [main] .m.r.CurrentTenantIdentifierResolverImpl : Resolved tenant: public
2026-06-09T19:29:15.735+05:30  INFO 9424 --- [main] .m.r.CurrentTenantIdentifierResolverImpl : Resolved tenant: public
2026-06-09T19:29:15.735+05:30  INFO 9424 --- [main] .m.r.CurrentTenantIdentifierResolverImpl : Resolved tenant: public
2026-06-09T19:29:15.737+05:30  INFO 9424 --- [main] .m.r.CurrentTenantIdentifierResolverImpl : Resolved tenant: public
2026-06-09T19:29:15.744+05:30  INFO 9424 --- [main] .m.r.CurrentTenantIdentifierResolverImpl : Resolved tenant: public
2026-06-09T19:29:15.745+05:30  INFO 9424 --- [main] .m.r.CurrentTenantIdentifierResolverImpl : Resolved tenant: public
2026-06-09T19:29:15.747+05:30  INFO 9424 --- [main] .m.r.CurrentTenantIdentifierResolverImpl : Resolved tenant: public
2026-06-09T19:29:15.769+05:30  INFO 9424 --- [main] .m.r.CurrentTenantIdentifierResolverImpl : Resolved tenant: public
2026-06-09T19:29:15.770+05:30  INFO 9424 --- [main] .m.r.CurrentTenantIdentifierResolverImpl : Resolved tenant: public
2026-06-09T19:29:15.771+05:30  INFO 9424 --- [main] .m.r.CurrentTenantIdentifierResolverImpl : Resolved tenant: public
2026-06-09T19:29:15.778+05:30  INFO 9424 --- [main] .m.r.CurrentTenantIdentifierResolverImpl : Resolved tenant: public
2026-06-09T19:29:15.779+05:30  INFO 9424 --- [main] .m.r.CurrentTenantIdentifierResolverImpl : Resolved tenant: public
2026-06-09T19:29:15.781+05:30  INFO 9424 --- [main] .m.r.CurrentTenantIdentifierResolverImpl : Resolved tenant: public
2026-06-09T19:29:15.786+05:30  INFO 9424 --- [main] .m.r.CurrentTenantIdentifierResolverImpl : Resolved tenant: public
2026-06-09T19:29:15.787+05:30  INFO 9424 --- [main] .m.r.CurrentTenantIdentifierResolverImpl : Resolved tenant: public
2026-06-09T19:29:15.789+05:30  INFO 9424 --- [main] .m.r.CurrentTenantIdentifierResolverImpl : Resolved tenant: public
2026-06-09T19:29:15.794+05:30  INFO 9424 --- [main] .m.r.CurrentTenantIdentifierResolverImpl : Resolved tenant: public
2026-06-09T19:29:15.794+05:30  INFO 9424 --- [main] .m.r.CurrentTenantIdentifierResolverImpl : Resolved tenant: public
2026-06-09T19:29:15.796+05:30  INFO 9424 --- [main] .m.r.CurrentTenantIdentifierResolverImpl : Resolved tenant: public
2026-06-09T19:29:15.797+05:30  INFO 9424 --- [main] .m.r.CurrentTenantIdentifierResolverImpl : Resolved tenant: public
2026-06-09T19:29:15.798+05:30  INFO 9424 --- [main] .m.r.CurrentTenantIdentifierResolverImpl : Resolved tenant: public
2026-06-09T19:29:15.799+05:30  INFO 9424 --- [main] .m.r.CurrentTenantIdentifierResolverImpl : Resolved tenant: public
2026-06-09T19:29:15.803+05:30  INFO 9424 --- [main] .m.r.CurrentTenantIdentifierResolverImpl : Resolved tenant: public
2026-06-09T19:29:15.804+05:30  INFO 9424 --- [main] .m.r.CurrentTenantIdentifierResolverImpl : Resolved tenant: public
2026-06-09T19:29:15.806+05:30  INFO 9424 --- [main] .m.r.CurrentTenantIdentifierResolverImpl : Resolved tenant: public
2026-06-09T19:29:15.806+05:30  INFO 9424 --- [main] .m.r.CurrentTenantIdentifierResolverImpl : Resolved tenant: public
2026-06-09T19:29:15.814+05:30  INFO 9424 --- [main] .m.r.CurrentTenantIdentifierResolverImpl : Resolved tenant: public
2026-06-09T19:29:15.814+05:30  INFO 9424 --- [main] .m.r.CurrentTenantIdentifierResolverImpl : Resolved tenant: public
2026-06-09T19:29:15.817+05:30  INFO 9424 --- [main] .m.r.CurrentTenantIdentifierResolverImpl : Resolved tenant: public
2026-06-09T19:29:15.859+05:30  INFO 9424 --- [main] .m.r.CurrentTenantIdentifierResolverImpl : Resolved tenant: public
2026-06-09T19:29:15.860+05:30  INFO 9424 --- [main] .m.r.CurrentTenantIdentifierResolverImpl : Resolved tenant: public
2026-06-09T19:29:15.862+05:30  INFO 9424 --- [main] .m.r.CurrentTenantIdentifierResolverImpl : Resolved tenant: public
2026-06-09T19:29:15.866+05:30  INFO 9424 --- [main] .m.r.CurrentTenantIdentifierResolverImpl : Resolved tenant: public
2026-06-09T19:29:15.867+05:30  INFO 9424 --- [main] .m.r.CurrentTenantIdentifierResolverImpl : Resolved tenant: public
2026-06-09T19:29:15.869+05:30  INFO 9424 --- [main] .m.r.CurrentTenantIdentifierResolverImpl : Resolved tenant: public
2026-06-09T19:29:15.873+05:30  INFO 9424 --- [main] .m.r.CurrentTenantIdentifierResolverImpl : Resolved tenant: public
2026-06-09T19:29:15.874+05:30  INFO 9424 --- [main] .m.r.CurrentTenantIdentifierResolverImpl : Resolved tenant: public
2026-06-09T19:29:15.876+05:30  INFO 9424 --- [main] .m.r.CurrentTenantIdentifierResolverImpl : Resolved tenant: public
2026-06-09T19:29:15.884+05:30  INFO 9424 --- [main] .m.r.CurrentTenantIdentifierResolverImpl : Resolved tenant: public
2026-06-09T19:29:15.888+05:30  INFO 9424 --- [main] .m.r.CurrentTenantIdentifierResolverImpl : Resolved tenant: public
2026-06-09T19:29:15.895+05:30  INFO 9424 --- [main] .m.r.CurrentTenantIdentifierResolverImpl : Resolved tenant: public
2026-06-09T19:29:15.896+05:30  INFO 9424 --- [main] .m.r.CurrentTenantIdentifierResolverImpl : Resolved tenant: public
2026-06-09T19:29:15.897+05:30  INFO 9424 --- [main] .m.r.CurrentTenantIdentifierResolverImpl : Resolved tenant: public
2026-06-09T19:29:15.907+05:30  INFO 9424 --- [main] .m.r.CurrentTenantIdentifierResolverImpl : Resolved tenant: public
2026-06-09T19:29:15.907+05:30  INFO 9424 --- [main] .m.r.CurrentTenantIdentifierResolverImpl : Resolved tenant: public
2026-06-09T19:29:15.909+05:30  INFO 9424 --- [main] .m.r.CurrentTenantIdentifierResolverImpl : Resolved tenant: public
2026-06-09T19:29:15.912+05:30  INFO 9424 --- [main] .m.r.CurrentTenantIdentifierResolverImpl : Resolved tenant: public
2026-06-09T19:29:15.912+05:30  INFO 9424 --- [main] .m.r.CurrentTenantIdentifierResolverImpl : Resolved tenant: public
2026-06-09T19:29:15.913+05:30  INFO 9424 --- [main] .m.r.CurrentTenantIdentifierResolverImpl : Resolved tenant: public
2026-06-09T19:29:15.925+05:30  INFO 9424 --- [main] .m.r.CurrentTenantIdentifierResolverImpl : Resolved tenant: public
2026-06-09T19:29:15.926+05:30  INFO 9424 --- [main] .m.r.CurrentTenantIdentifierResolverImpl : Resolved tenant: public
2026-06-09T19:29:15.928+05:30  INFO 9424 --- [main] .m.r.CurrentTenantIdentifierResolverImpl : Resolved tenant: public
2026-06-09T19:29:15.932+05:30  INFO 9424 --- [main] .m.r.CurrentTenantIdentifierResolverImpl : Resolved tenant: public
2026-06-09T19:29:15.933+05:30  INFO 9424 --- [main] .m.r.CurrentTenantIdentifierResolverImpl : Resolved tenant: public
2026-06-09T19:29:15.936+05:30  INFO 9424 --- [main] .m.r.CurrentTenantIdentifierResolverImpl : Resolved tenant: public
2026-06-09T19:29:15.938+05:30  INFO 9424 --- [main] .m.r.CurrentTenantIdentifierResolverImpl : Resolved tenant: public
2026-06-09T19:29:15.939+05:30  INFO 9424 --- [main] .m.r.CurrentTenantIdentifierResolverImpl : Resolved tenant: public
2026-06-09T19:29:15.940+05:30  INFO 9424 --- [main] .m.r.CurrentTenantIdentifierResolverImpl : Resolved tenant: public
2026-06-09T19:29:15.943+05:30  INFO 9424 --- [main] .m.r.CurrentTenantIdentifierResolverImpl : Resolved tenant: public
2026-06-09T19:29:15.944+05:30  INFO 9424 --- [main] .m.r.CurrentTenantIdentifierResolverImpl : Resolved tenant: public
2026-06-09T19:29:15.945+05:30  INFO 9424 --- [main] .m.r.CurrentTenantIdentifierResolverImpl : Resolved tenant: public
2026-06-09T19:29:15.953+05:30  INFO 9424 --- [main] .m.r.CurrentTenantIdentifierResolverImpl : Resolved tenant: public
2026-06-09T19:29:15.954+05:30  INFO 9424 --- [main] .m.r.CurrentTenantIdentifierResolverImpl : Resolved tenant: public
2026-06-09T19:29:15.956+05:30  INFO 9424 --- [main] .m.r.CurrentTenantIdentifierResolverImpl : Resolved tenant: public
2026-06-09T19:29:15.959+05:30  INFO 9424 --- [main] .m.r.CurrentTenantIdentifierResolverImpl : Resolved tenant: public
2026-06-09T19:29:15.960+05:30  INFO 9424 --- [main] .m.r.CurrentTenantIdentifierResolverImpl : Resolved tenant: public
2026-06-09T19:29:15.961+05:30  INFO 9424 --- [main] .m.r.CurrentTenantIdentifierResolverImpl : Resolved tenant: public
2026-06-09T19:29:15.963+05:30  INFO 9424 --- [main] .m.r.CurrentTenantIdentifierResolverImpl : Resolved tenant: public
2026-06-09T19:29:15.963+05:30  INFO 9424 --- [main] .m.r.CurrentTenantIdentifierResolverImpl : Resolved tenant: public
2026-06-09T19:29:15.965+05:30  INFO 9424 --- [main] .m.r.CurrentTenantIdentifierResolverImpl : Resolved tenant: public
2026-06-09T19:29:15.966+05:30  INFO 9424 --- [main] .m.r.CurrentTenantIdentifierResolverImpl : Resolved tenant: public
2026-06-09T19:29:15.968+05:30  INFO 9424 --- [main] .m.r.CurrentTenantIdentifierResolverImpl : Resolved tenant: public
2026-06-09T19:29:15.973+05:30  INFO 9424 --- [main] .m.r.CurrentTenantIdentifierResolverImpl : Resolved tenant: public
2026-06-09T19:29:15.974+05:30  INFO 9424 --- [main] .m.r.CurrentTenantIdentifierResolverImpl : Resolved tenant: public
2026-06-09T19:29:15.976+05:30  INFO 9424 --- [main] .m.r.CurrentTenantIdentifierResolverImpl : Resolved tenant: public
2026-06-09T19:29:15.992+05:30  INFO 9424 --- [main] .m.r.CurrentTenantIdentifierResolverImpl : Resolved tenant: public
2026-06-09T19:29:15.995+05:30  INFO 9424 --- [main] .m.r.CurrentTenantIdentifierResolverImpl : Resolved tenant: public
2026-06-09T19:29:16.007+05:30  INFO 9424 --- [main] .m.r.CurrentTenantIdentifierResolverImpl : Resolved tenant: public
2026-06-09T19:29:16.009+05:30  INFO 9424 --- [main] .m.r.CurrentTenantIdentifierResolverImpl : Resolved tenant: public
2026-06-09T19:29:16.023+05:30  INFO 9424 --- [main] .m.r.CurrentTenantIdentifierResolverImpl : Resolved tenant: public
2026-06-09T19:29:16.027+05:30  INFO 9424 --- [main] .m.r.CurrentTenantIdentifierResolverImpl : Resolved tenant: public
2026-06-09T19:29:16.048+05:30  INFO 9424 --- [main] .m.r.CurrentTenantIdentifierResolverImpl : Resolved tenant: public
2026-06-09T19:29:16.055+05:30  INFO 9424 --- [main] .m.r.CurrentTenantIdentifierResolverImpl : Resolved tenant: public
2026-06-09T19:29:16.057+05:30  INFO 9424 --- [main] .m.r.CurrentTenantIdentifierResolverImpl : Resolved tenant: public
2026-06-09T19:29:16.058+05:30  INFO 9424 --- [main] .m.r.CurrentTenantIdentifierResolverImpl : Resolved tenant: public
2026-06-09T19:29:16.061+05:30  INFO 9424 --- [main] .m.r.CurrentTenantIdentifierResolverImpl : Resolved tenant: public
2026-06-09T19:29:16.062+05:30  INFO 9424 --- [main] .m.r.CurrentTenantIdentifierResolverImpl : Resolved tenant: public
2026-06-09T19:29:16.088+05:30  INFO 9424 --- [main] .m.r.CurrentTenantIdentifierResolverImpl : Resolved tenant: public
2026-06-09T19:29:16.094+05:30  INFO 9424 --- [main] .m.r.CurrentTenantIdentifierResolverImpl : Resolved tenant: public
2026-06-09T19:29:16.182+05:30  INFO 9424 --- [main] c.e.Backend.payment.PaymentService       : PaymentService initialized for key id: rzp_test_SutuJ4LOVKGUJP
2026-06-09T19:29:16.231+05:30  WARN 9424 --- [main] JpaBaseConfiguration$JpaWebConfiguration : spring.jpa.open-in-view is enabled by default. Therefore, database queries may be performed during view rendering. Explicitly configure spring.jpa.open-in-view to disable this warning
2026-06-09T19:29:16.262+05:30  INFO 9424 --- [main] r$InitializeUserDetailsManagerConfigurer : Global AuthenticationManager configured with UserDetailsService bean with name customUserDetailsService
2026-06-09T19:29:16.563+05:30  INFO 9424 --- [main] c.e.B.Configuration.SecurityConfig       : Security filter chain configured
2026-06-09T19:29:16.785+05:30  INFO 9424 --- [main] .m.r.CurrentTenantIdentifierResolverImpl : Resolved tenant: public
2026-06-09T19:29:16.786+05:30  INFO 9424 --- [main] .m.r.CurrentTenantIdentifierResolverImpl : Resolved tenant: public
2026-06-09T19:29:16.946+05:30  INFO 9424 --- [main] o.s.b.w.embedded.tomcat.TomcatWebServer  : Tomcat started on port 8080 (http) with context path '/'
2026-06-09T19:29:16.948+05:30  INFO 9424 --- [main] o.s.m.s.b.SimpleBrokerMessageHandler     : Starting...
2026-06-09T19:29:16.949+05:30  INFO 9424 --- [main] o.s.m.s.b.SimpleBrokerMessageHandler     : BrokerAvailabilityEvent[available=true, SimpleBrokerMessageHandler [org.springframework.messaging.simp.broker.DefaultSubscriptionRegistry@235babaf]]
2026-06-09T19:29:16.949+05:30  INFO 9424 --- [main] o.s.m.s.b.SimpleBrokerMessageHandler     : Started.
2026-06-09T19:29:16.960+05:30  INFO 9424 --- [main] com.example.Backend.BackendApplication   : Started BackendApplication in 8.78 seconds (process running for 9.74)
2026-06-09T19:30:17.003+05:30  INFO 9424 --- [MessageBroker-1] o.s.w.s.c.WebSocketMessageBrokerStats    : WebSocketSession[0 current WS(0)-HttpStream(0)-HttpPoll(0), 0 total, 0 closed abnormally (0 connect failure, 0 send limit, 0 transport error)], stompSubProtocol[processed CONNECT(0)-CONNECTED(0)-DISCONNECT(0)], stompBrokerRelay[null], inboundChannel[pool size = 0, active threads = 0, queued tasks = 0, completed tasks = 0], outboundChannel[pool size = 0, active threads = 0, queued tasks = 0, completed tasks = 0], sockJsScheduler[pool size = 1, active threads = 1, queued tasks = 0, completed tasks = 0]
2026-06-09T19:31:15.549+05:30  INFO 6232 --- [main] com.example.Backend.BackendApplication   : Starting BackendApplication using Java 17.0.12 with PID 6232 (D:\Projects\saas\Backend\target\classes started by Admin in D:\Projects\saas\Backend)
2026-06-09T19:31:15.552+05:30  INFO 6232 --- [main] com.example.Backend.BackendApplication   : No active profile set, falling back to 1 default profile: "default"
2026-06-09T19:31:16.542+05:30  INFO 6232 --- [main] .s.d.r.c.RepositoryConfigurationDelegate : Bootstrapping Spring Data JPA repositories in DEFAULT mode.
2026-06-09T19:31:16.670+05:30  INFO 6232 --- [main] .s.d.r.c.RepositoryConfigurationDelegate : Finished Spring Data repository scanning in 119 ms. Found 18 JPA repository interfaces.
2026-06-09T19:31:17.335+05:30  INFO 6232 --- [main] o.s.b.w.embedded.tomcat.TomcatWebServer  : Tomcat initialized with port 8080 (http)
2026-06-09T19:31:17.357+05:30  INFO 6232 --- [main] o.apache.catalina.core.StandardService   : Starting service [Tomcat]
2026-06-09T19:31:17.358+05:30  INFO 6232 --- [main] o.apache.catalina.core.StandardEngine    : Starting Servlet engine: [Apache Tomcat/10.1.31]
2026-06-09T19:31:17.441+05:30  INFO 6232 --- [main] o.a.c.c.C.[Tomcat].[localhost].[/]       : Initializing Spring embedded WebApplicationContext
2026-06-09T19:31:17.442+05:30  INFO 6232 --- [main] w.s.c.ServletWebServerApplicationContext : Root WebApplicationContext: initialization completed in 1826 ms
2026-06-09T19:31:17.616+05:30  INFO 6232 --- [main] o.hibernate.jpa.internal.util.LogHelper  : HHH000204: Processing PersistenceUnitInfo [name: default]
2026-06-09T19:31:17.708+05:30  INFO 6232 --- [main] org.hibernate.Version                    : HHH000412: Hibernate ORM core version 6.5.3.Final
2026-06-09T19:31:17.760+05:30  INFO 6232 --- [main] o.h.c.internal.RegionFactoryInitiator    : HHH000026: Second-level cache disabled
2026-06-09T19:31:18.079+05:30  INFO 6232 --- [main] o.s.o.j.p.SpringPersistenceUnitInfo      : No LoadTimeWeaver setup: ignoring JPA class transformer
2026-06-09T19:31:18.112+05:30  INFO 6232 --- [main] com.zaxxer.hikari.HikariDataSource       : HikariPool-1 - Starting...
2026-06-09T19:31:18.333+05:30  INFO 6232 --- [main] com.zaxxer.hikari.pool.HikariPool        : HikariPool-1 - Added connection org.postgresql.jdbc.PgConnection@3e753289
2026-06-09T19:31:18.336+05:30  INFO 6232 --- [main] com.zaxxer.hikari.HikariDataSource       : HikariPool-1 - Start completed.
2026-06-09T19:31:18.403+05:30  WARN 6232 --- [main] org.hibernate.orm.deprecation            : HHH90000025: PostgreSQLDialect does not need to be specified explicitly using 'hibernate.dialect' (remove the property setting and it will be selected by default)
2026-06-09T19:31:19.786+05:30  INFO 6232 --- [main] o.h.e.t.j.p.i.JtaPlatformInitiator       : HHH000489: No JTA platform available (set 'hibernate.transaction.jta.platform' to enable JTA platform integration)
2026-06-09T19:31:19.793+05:30  INFO 6232 --- [main] j.LocalContainerEntityManagerFactoryBean : Initialized JPA EntityManagerFactory for persistence unit 'default'
2026-06-09T19:31:19.888+05:30  INFO 6232 --- [main] .m.r.CurrentTenantIdentifierResolverImpl : Resolved tenant: public
2026-06-09T19:31:19.932+05:30  INFO 6232 --- [main] .m.r.CurrentTenantIdentifierResolverImpl : Resolved tenant: public
2026-06-09T19:31:19.996+05:30  INFO 6232 --- [main] .m.r.CurrentTenantIdentifierResolverImpl : Resolved tenant: public
2026-06-09T19:31:20.045+05:30  INFO 6232 --- [main] .m.r.CurrentTenantIdentifierResolverImpl : Resolved tenant: public
2026-06-09T19:31:20.052+05:30  INFO 6232 --- [main] .m.r.CurrentTenantIdentifierResolverImpl : Resolved tenant: public
2026-06-09T19:31:20.113+05:30  INFO 6232 --- [main] .m.r.CurrentTenantIdentifierResolverImpl : Resolved tenant: public
2026-06-09T19:31:20.114+05:30  INFO 6232 --- [main] .m.r.CurrentTenantIdentifierResolverImpl : Resolved tenant: public
2026-06-09T19:31:20.116+05:30  INFO 6232 --- [main] .m.r.CurrentTenantIdentifierResolverImpl : Resolved tenant: public
2026-06-09T19:31:20.117+05:30  INFO 6232 --- [main] .m.r.CurrentTenantIdentifierResolverImpl : Resolved tenant: public
2026-06-09T19:31:20.118+05:30  INFO 6232 --- [main] .m.r.CurrentTenantIdentifierResolverImpl : Resolved tenant: public
2026-06-09T19:31:20.119+05:30  INFO 6232 --- [main] .m.r.CurrentTenantIdentifierResolverImpl : Resolved tenant: public
2026-06-09T19:31:20.123+05:30  INFO 6232 --- [main] .m.r.CurrentTenantIdentifierResolverImpl : Resolved tenant: public
2026-06-09T19:31:20.124+05:30  INFO 6232 --- [main] .m.r.CurrentTenantIdentifierResolverImpl : Resolved tenant: public
2026-06-09T19:31:20.227+05:30  INFO 6232 --- [main] .m.r.CurrentTenantIdentifierResolverImpl : Resolved tenant: public
2026-06-09T19:31:20.237+05:30  INFO 6232 --- [main] .m.r.CurrentTenantIdentifierResolverImpl : Resolved tenant: public
2026-06-09T19:31:20.240+05:30  INFO 6232 --- [main] .m.r.CurrentTenantIdentifierResolverImpl : Resolved tenant: public
2026-06-09T19:31:20.241+05:30  INFO 6232 --- [main] .m.r.CurrentTenantIdentifierResolverImpl : Resolved tenant: public
2026-06-09T19:31:20.243+05:30  INFO 6232 --- [main] .m.r.CurrentTenantIdentifierResolverImpl : Resolved tenant: public
2026-06-09T19:31:20.243+05:30  INFO 6232 --- [main] .m.r.CurrentTenantIdentifierResolverImpl : Resolved tenant: public
2026-06-09T19:31:20.262+05:30  INFO 6232 --- [main] .m.r.CurrentTenantIdentifierResolverImpl : Resolved tenant: public
2026-06-09T19:31:20.264+05:30  INFO 6232 --- [main] .m.r.CurrentTenantIdentifierResolverImpl : Resolved tenant: public
2026-06-09T19:31:20.267+05:30  INFO 6232 --- [main] .m.r.CurrentTenantIdentifierResolverImpl : Resolved tenant: public
2026-06-09T19:31:20.267+05:30  INFO 6232 --- [main] .m.r.CurrentTenantIdentifierResolverImpl : Resolved tenant: public
2026-06-09T19:31:20.277+05:30  INFO 6232 --- [main] .m.r.CurrentTenantIdentifierResolverImpl : Resolved tenant: public
2026-06-09T19:31:20.282+05:30  INFO 6232 --- [main] .m.r.CurrentTenantIdentifierResolverImpl : Resolved tenant: public
2026-06-09T19:31:20.299+05:30  INFO 6232 --- [main] o.s.d.j.r.query.QueryEnhancerFactory     : Hibernate is in classpath; If applicable, HQL parser will be used.
2026-06-09T19:31:20.472+05:30  INFO 6232 --- [main] .m.r.CurrentTenantIdentifierResolverImpl : Resolved tenant: public
2026-06-09T19:31:20.473+05:30  INFO 6232 --- [main] .m.r.CurrentTenantIdentifierResolverImpl : Resolved tenant: public
2026-06-09T19:31:20.476+05:30  INFO 6232 --- [main] .m.r.CurrentTenantIdentifierResolverImpl : Resolved tenant: public
2026-06-09T19:31:20.683+05:30  INFO 6232 --- [main] .m.r.CurrentTenantIdentifierResolverImpl : Resolved tenant: public
2026-06-09T19:31:20.684+05:30  INFO 6232 --- [main] .m.r.CurrentTenantIdentifierResolverImpl : Resolved tenant: public
2026-06-09T19:31:20.686+05:30  INFO 6232 --- [main] .m.r.CurrentTenantIdentifierResolverImpl : Resolved tenant: public
2026-06-09T19:31:20.689+05:30  INFO 6232 --- [main] .m.r.CurrentTenantIdentifierResolverImpl : Resolved tenant: public
2026-06-09T19:31:20.690+05:30  INFO 6232 --- [main] .m.r.CurrentTenantIdentifierResolverImpl : Resolved tenant: public
2026-06-09T19:31:20.696+05:30  INFO 6232 --- [main] .m.r.CurrentTenantIdentifierResolverImpl : Resolved tenant: public
2026-06-09T19:31:20.696+05:30  INFO 6232 --- [main] .m.r.CurrentTenantIdentifierResolverImpl : Resolved tenant: public
2026-06-09T19:31:20.698+05:30  INFO 6232 --- [main] .m.r.CurrentTenantIdentifierResolverImpl : Resolved tenant: public
2026-06-09T19:31:20.708+05:30  INFO 6232 --- [main] .m.r.CurrentTenantIdentifierResolverImpl : Resolved tenant: public
2026-06-09T19:31:20.709+05:30  INFO 6232 --- [main] .m.r.CurrentTenantIdentifierResolverImpl : Resolved tenant: public
2026-06-09T19:31:20.710+05:30  INFO 6232 --- [main] .m.r.CurrentTenantIdentifierResolverImpl : Resolved tenant: public
2026-06-09T19:31:20.723+05:30  INFO 6232 --- [main] .m.r.CurrentTenantIdentifierResolverImpl : Resolved tenant: public
2026-06-09T19:31:20.727+05:30  INFO 6232 --- [main] .m.r.CurrentTenantIdentifierResolverImpl : Resolved tenant: public
2026-06-09T19:31:20.739+05:30  INFO 6232 --- [main] .m.r.CurrentTenantIdentifierResolverImpl : Resolved tenant: public
2026-06-09T19:31:20.745+05:30  INFO 6232 --- [main] .m.r.CurrentTenantIdentifierResolverImpl : Resolved tenant: public
2026-06-09T19:31:20.748+05:30  INFO 6232 --- [main] .m.r.CurrentTenantIdentifierResolverImpl : Resolved tenant: public
2026-06-09T19:31:20.749+05:30  INFO 6232 --- [main] .m.r.CurrentTenantIdentifierResolverImpl : Resolved tenant: public
2026-06-09T19:31:20.880+05:30  INFO 6232 --- [main] .m.r.CurrentTenantIdentifierResolverImpl : Resolved tenant: public
2026-06-09T19:31:20.890+05:30  INFO 6232 --- [main] .m.r.CurrentTenantIdentifierResolverImpl : Resolved tenant: public
2026-06-09T19:31:20.893+05:30  INFO 6232 --- [main] .m.r.CurrentTenantIdentifierResolverImpl : Resolved tenant: public
2026-06-09T19:31:20.894+05:30  INFO 6232 --- [main] .m.r.CurrentTenantIdentifierResolverImpl : Resolved tenant: public
2026-06-09T19:31:20.896+05:30  INFO 6232 --- [main] .m.r.CurrentTenantIdentifierResolverImpl : Resolved tenant: public
2026-06-09T19:31:20.897+05:30  INFO 6232 --- [main] .m.r.CurrentTenantIdentifierResolverImpl : Resolved tenant: public
2026-06-09T19:31:20.899+05:30  INFO 6232 --- [main] .m.r.CurrentTenantIdentifierResolverImpl : Resolved tenant: public
2026-06-09T19:31:20.899+05:30  INFO 6232 --- [main] .m.r.CurrentTenantIdentifierResolverImpl : Resolved tenant: public
2026-06-09T19:31:20.908+05:30  INFO 6232 --- [main] .m.r.CurrentTenantIdentifierResolverImpl : Resolved tenant: public
2026-06-09T19:31:20.909+05:30  INFO 6232 --- [main] .m.r.CurrentTenantIdentifierResolverImpl : Resolved tenant: public
2026-06-09T19:31:20.911+05:30  INFO 6232 --- [main] .m.r.CurrentTenantIdentifierResolverImpl : Resolved tenant: public
2026-06-09T19:31:20.912+05:30  INFO 6232 --- [main] .m.r.CurrentTenantIdentifierResolverImpl : Resolved tenant: public
2026-06-09T19:31:20.920+05:30  INFO 6232 --- [main] .m.r.CurrentTenantIdentifierResolverImpl : Resolved tenant: public
2026-06-09T19:31:20.921+05:30  INFO 6232 --- [main] .m.r.CurrentTenantIdentifierResolverImpl : Resolved tenant: public
2026-06-09T19:31:20.923+05:30  INFO 6232 --- [main] .m.r.CurrentTenantIdentifierResolverImpl : Resolved tenant: public
2026-06-09T19:31:20.924+05:30  INFO 6232 --- [main] .m.r.CurrentTenantIdentifierResolverImpl : Resolved tenant: public
2026-06-09T19:31:20.925+05:30  INFO 6232 --- [main] .m.r.CurrentTenantIdentifierResolverImpl : Resolved tenant: public
2026-06-09T19:31:20.926+05:30  INFO 6232 --- [main] .m.r.CurrentTenantIdentifierResolverImpl : Resolved tenant: public
2026-06-09T19:31:20.936+05:30  INFO 6232 --- [main] .m.r.CurrentTenantIdentifierResolverImpl : Resolved tenant: public
2026-06-09T19:31:20.937+05:30  INFO 6232 --- [main] .m.r.CurrentTenantIdentifierResolverImpl : Resolved tenant: public
2026-06-09T19:31:20.939+05:30  INFO 6232 --- [main] .m.r.CurrentTenantIdentifierResolverImpl : Resolved tenant: public
2026-06-09T19:31:20.940+05:30  INFO 6232 --- [main] .m.r.CurrentTenantIdentifierResolverImpl : Resolved tenant: public
2026-06-09T19:31:20.958+05:30  INFO 6232 --- [main] .m.r.CurrentTenantIdentifierResolverImpl : Resolved tenant: public
2026-06-09T19:31:20.961+05:30  INFO 6232 --- [main] .m.r.CurrentTenantIdentifierResolverImpl : Resolved tenant: public
2026-06-09T19:31:20.976+05:30  INFO 6232 --- [main] .m.r.CurrentTenantIdentifierResolverImpl : Resolved tenant: public
2026-06-09T19:31:20.976+05:30  INFO 6232 --- [main] .m.r.CurrentTenantIdentifierResolverImpl : Resolved tenant: public
2026-06-09T19:31:20.978+05:30  INFO 6232 --- [main] .m.r.CurrentTenantIdentifierResolverImpl : Resolved tenant: public
2026-06-09T19:31:21.035+05:30  INFO 6232 --- [main] .m.r.CurrentTenantIdentifierResolverImpl : Resolved tenant: public
2026-06-09T19:31:21.036+05:30  INFO 6232 --- [main] .m.r.CurrentTenantIdentifierResolverImpl : Resolved tenant: public
2026-06-09T19:31:21.038+05:30  INFO 6232 --- [main] .m.r.CurrentTenantIdentifierResolverImpl : Resolved tenant: public
2026-06-09T19:31:21.042+05:30  INFO 6232 --- [main] .m.r.CurrentTenantIdentifierResolverImpl : Resolved tenant: public
2026-06-09T19:31:21.043+05:30  INFO 6232 --- [main] .m.r.CurrentTenantIdentifierResolverImpl : Resolved tenant: public
2026-06-09T19:31:21.044+05:30  INFO 6232 --- [main] .m.r.CurrentTenantIdentifierResolverImpl : Resolved tenant: public
2026-06-09T19:31:21.048+05:30  INFO 6232 --- [main] .m.r.CurrentTenantIdentifierResolverImpl : Resolved tenant: public
2026-06-09T19:31:21.048+05:30  INFO 6232 --- [main] .m.r.CurrentTenantIdentifierResolverImpl : Resolved tenant: public
2026-06-09T19:31:21.050+05:30  INFO 6232 --- [main] .m.r.CurrentTenantIdentifierResolverImpl : Resolved tenant: public
2026-06-09T19:31:21.053+05:30  INFO 6232 --- [main] .m.r.CurrentTenantIdentifierResolverImpl : Resolved tenant: public
2026-06-09T19:31:21.054+05:30  INFO 6232 --- [main] .m.r.CurrentTenantIdentifierResolverImpl : Resolved tenant: public
2026-06-09T19:31:21.056+05:30  INFO 6232 --- [main] .m.r.CurrentTenantIdentifierResolverImpl : Resolved tenant: public
2026-06-09T19:31:21.057+05:30  INFO 6232 --- [main] .m.r.CurrentTenantIdentifierResolverImpl : Resolved tenant: public
2026-06-09T19:31:21.059+05:30  INFO 6232 --- [main] .m.r.CurrentTenantIdentifierResolverImpl : Resolved tenant: public
2026-06-09T19:31:21.060+05:30  INFO 6232 --- [main] .m.r.CurrentTenantIdentifierResolverImpl : Resolved tenant: public
2026-06-09T19:31:21.063+05:30  INFO 6232 --- [main] .m.r.CurrentTenantIdentifierResolverImpl : Resolved tenant: public
2026-06-09T19:31:21.063+05:30  INFO 6232 --- [main] .m.r.CurrentTenantIdentifierResolverImpl : Resolved tenant: public
2026-06-09T19:31:21.064+05:30  INFO 6232 --- [main] .m.r.CurrentTenantIdentifierResolverImpl : Resolved tenant: public
2026-06-09T19:31:21.073+05:30  INFO 6232 --- [main] .m.r.CurrentTenantIdentifierResolverImpl : Resolved tenant: public
2026-06-09T19:31:21.074+05:30  INFO 6232 --- [main] .m.r.CurrentTenantIdentifierResolverImpl : Resolved tenant: public
2026-06-09T19:31:21.075+05:30  INFO 6232 --- [main] .m.r.CurrentTenantIdentifierResolverImpl : Resolved tenant: public
2026-06-09T19:31:21.082+05:30  INFO 6232 --- [main] .m.r.CurrentTenantIdentifierResolverImpl : Resolved tenant: public
2026-06-09T19:31:21.083+05:30  INFO 6232 --- [main] .m.r.CurrentTenantIdentifierResolverImpl : Resolved tenant: public
2026-06-09T19:31:21.084+05:30  INFO 6232 --- [main] .m.r.CurrentTenantIdentifierResolverImpl : Resolved tenant: public
2026-06-09T19:31:21.096+05:30  INFO 6232 --- [main] .m.r.CurrentTenantIdentifierResolverImpl : Resolved tenant: public
2026-06-09T19:31:21.097+05:30  INFO 6232 --- [main] .m.r.CurrentTenantIdentifierResolverImpl : Resolved tenant: public
2026-06-09T19:31:21.098+05:30  INFO 6232 --- [main] .m.r.CurrentTenantIdentifierResolverImpl : Resolved tenant: public
2026-06-09T19:31:21.100+05:30  INFO 6232 --- [main] .m.r.CurrentTenantIdentifierResolverImpl : Resolved tenant: public
2026-06-09T19:31:21.101+05:30  INFO 6232 --- [main] .m.r.CurrentTenantIdentifierResolverImpl : Resolved tenant: public
2026-06-09T19:31:21.104+05:30  INFO 6232 --- [main] .m.r.CurrentTenantIdentifierResolverImpl : Resolved tenant: public
2026-06-09T19:31:21.106+05:30  INFO 6232 --- [main] .m.r.CurrentTenantIdentifierResolverImpl : Resolved tenant: public
2026-06-09T19:31:21.107+05:30  INFO 6232 --- [main] .m.r.CurrentTenantIdentifierResolverImpl : Resolved tenant: public
2026-06-09T19:31:21.108+05:30  INFO 6232 --- [main] .m.r.CurrentTenantIdentifierResolverImpl : Resolved tenant: public
2026-06-09T19:31:21.110+05:30  INFO 6232 --- [main] .m.r.CurrentTenantIdentifierResolverImpl : Resolved tenant: public
2026-06-09T19:31:21.110+05:30  INFO 6232 --- [main] .m.r.CurrentTenantIdentifierResolverImpl : Resolved tenant: public
2026-06-09T19:31:21.112+05:30  INFO 6232 --- [main] .m.r.CurrentTenantIdentifierResolverImpl : Resolved tenant: public
2026-06-09T19:31:21.113+05:30  INFO 6232 --- [main] .m.r.CurrentTenantIdentifierResolverImpl : Resolved tenant: public
2026-06-09T19:31:21.123+05:30  INFO 6232 --- [main] .m.r.CurrentTenantIdentifierResolverImpl : Resolved tenant: public
2026-06-09T19:31:21.127+05:30  INFO 6232 --- [main] .m.r.CurrentTenantIdentifierResolverImpl : Resolved tenant: public
2026-06-09T19:31:21.130+05:30  INFO 6232 --- [main] .m.r.CurrentTenantIdentifierResolverImpl : Resolved tenant: public
2026-06-09T19:31:21.130+05:30  INFO 6232 --- [main] .m.r.CurrentTenantIdentifierResolverImpl : Resolved tenant: public
2026-06-09T19:31:21.137+05:30  INFO 6232 --- [main] .m.r.CurrentTenantIdentifierResolverImpl : Resolved tenant: public
2026-06-09T19:31:21.138+05:30  INFO 6232 --- [main] .m.r.CurrentTenantIdentifierResolverImpl : Resolved tenant: public
2026-06-09T19:31:21.140+05:30  INFO 6232 --- [main] .m.r.CurrentTenantIdentifierResolverImpl : Resolved tenant: public
2026-06-09T19:31:21.144+05:30  INFO 6232 --- [main] .m.r.CurrentTenantIdentifierResolverImpl : Resolved tenant: public
2026-06-09T19:31:21.145+05:30  INFO 6232 --- [main] .m.r.CurrentTenantIdentifierResolverImpl : Resolved tenant: public
2026-06-09T19:31:21.147+05:30  INFO 6232 --- [main] .m.r.CurrentTenantIdentifierResolverImpl : Resolved tenant: public
2026-06-09T19:31:21.150+05:30  INFO 6232 --- [main] .m.r.CurrentTenantIdentifierResolverImpl : Resolved tenant: public
2026-06-09T19:31:21.152+05:30  INFO 6232 --- [main] .m.r.CurrentTenantIdentifierResolverImpl : Resolved tenant: public
2026-06-09T19:31:21.154+05:30  INFO 6232 --- [main] .m.r.CurrentTenantIdentifierResolverImpl : Resolved tenant: public
2026-06-09T19:31:21.156+05:30  INFO 6232 --- [main] .m.r.CurrentTenantIdentifierResolverImpl : Resolved tenant: public
2026-06-09T19:31:21.157+05:30  INFO 6232 --- [main] .m.r.CurrentTenantIdentifierResolverImpl : Resolved tenant: public
2026-06-09T19:31:21.158+05:30  INFO 6232 --- [main] .m.r.CurrentTenantIdentifierResolverImpl : Resolved tenant: public
2026-06-09T19:31:21.162+05:30  INFO 6232 --- [main] .m.r.CurrentTenantIdentifierResolverImpl : Resolved tenant: public
2026-06-09T19:31:21.163+05:30  INFO 6232 --- [main] .m.r.CurrentTenantIdentifierResolverImpl : Resolved tenant: public
2026-06-09T19:31:21.164+05:30  INFO 6232 --- [main] .m.r.CurrentTenantIdentifierResolverImpl : Resolved tenant: public
2026-06-09T19:31:21.167+05:30  INFO 6232 --- [main] .m.r.CurrentTenantIdentifierResolverImpl : Resolved tenant: public
2026-06-09T19:31:21.167+05:30  INFO 6232 --- [main] .m.r.CurrentTenantIdentifierResolverImpl : Resolved tenant: public
2026-06-09T19:31:21.169+05:30  INFO 6232 --- [main] .m.r.CurrentTenantIdentifierResolverImpl : Resolved tenant: public
2026-06-09T19:31:21.171+05:30  INFO 6232 --- [main] .m.r.CurrentTenantIdentifierResolverImpl : Resolved tenant: public
2026-06-09T19:31:21.172+05:30  INFO 6232 --- [main] .m.r.CurrentTenantIdentifierResolverImpl : Resolved tenant: public
2026-06-09T19:31:21.172+05:30  INFO 6232 --- [main] .m.r.CurrentTenantIdentifierResolverImpl : Resolved tenant: public
2026-06-09T19:31:21.174+05:30  INFO 6232 --- [main] .m.r.CurrentTenantIdentifierResolverImpl : Resolved tenant: public
2026-06-09T19:31:21.175+05:30  INFO 6232 --- [main] .m.r.CurrentTenantIdentifierResolverImpl : Resolved tenant: public
2026-06-09T19:31:21.176+05:30  INFO 6232 --- [main] .m.r.CurrentTenantIdentifierResolverImpl : Resolved tenant: public
2026-06-09T19:31:21.179+05:30  INFO 6232 --- [main] .m.r.CurrentTenantIdentifierResolverImpl : Resolved tenant: public
2026-06-09T19:31:21.180+05:30  INFO 6232 --- [main] .m.r.CurrentTenantIdentifierResolverImpl : Resolved tenant: public
2026-06-09T19:31:21.181+05:30  INFO 6232 --- [main] .m.r.CurrentTenantIdentifierResolverImpl : Resolved tenant: public
2026-06-09T19:31:21.185+05:30  INFO 6232 --- [main] .m.r.CurrentTenantIdentifierResolverImpl : Resolved tenant: public
2026-06-09T19:31:21.187+05:30  INFO 6232 --- [main] .m.r.CurrentTenantIdentifierResolverImpl : Resolved tenant: public
2026-06-09T19:31:21.188+05:30  INFO 6232 --- [main] .m.r.CurrentTenantIdentifierResolverImpl : Resolved tenant: public
2026-06-09T19:31:21.190+05:30  INFO 6232 --- [main] .m.r.CurrentTenantIdentifierResolverImpl : Resolved tenant: public
2026-06-09T19:31:21.191+05:30  INFO 6232 --- [main] .m.r.CurrentTenantIdentifierResolverImpl : Resolved tenant: public
2026-06-09T19:31:21.197+05:30  INFO 6232 --- [main] .m.r.CurrentTenantIdentifierResolverImpl : Resolved tenant: public
2026-06-09T19:31:21.208+05:30  INFO 6232 --- [main] .m.r.CurrentTenantIdentifierResolverImpl : Resolved tenant: public
2026-06-09T19:31:21.210+05:30  INFO 6232 --- [main] .m.r.CurrentTenantIdentifierResolverImpl : Resolved tenant: public
2026-06-09T19:31:21.220+05:30  INFO 6232 --- [main] .m.r.CurrentTenantIdentifierResolverImpl : Resolved tenant: public
2026-06-09T19:31:21.223+05:30  INFO 6232 --- [main] .m.r.CurrentTenantIdentifierResolverImpl : Resolved tenant: public
2026-06-09T19:31:21.232+05:30  INFO 6232 --- [main] .m.r.CurrentTenantIdentifierResolverImpl : Resolved tenant: public
2026-06-09T19:31:21.238+05:30  INFO 6232 --- [main] .m.r.CurrentTenantIdentifierResolverImpl : Resolved tenant: public
2026-06-09T19:31:21.256+05:30  INFO 6232 --- [main] .m.r.CurrentTenantIdentifierResolverImpl : Resolved tenant: public
2026-06-09T19:31:21.260+05:30  INFO 6232 --- [main] .m.r.CurrentTenantIdentifierResolverImpl : Resolved tenant: public
2026-06-09T19:31:21.261+05:30  INFO 6232 --- [main] .m.r.CurrentTenantIdentifierResolverImpl : Resolved tenant: public
2026-06-09T19:31:21.262+05:30  INFO 6232 --- [main] .m.r.CurrentTenantIdentifierResolverImpl : Resolved tenant: public
2026-06-09T19:31:21.264+05:30  INFO 6232 --- [main] .m.r.CurrentTenantIdentifierResolverImpl : Resolved tenant: public
2026-06-09T19:31:21.265+05:30  INFO 6232 --- [main] .m.r.CurrentTenantIdentifierResolverImpl : Resolved tenant: public
2026-06-09T19:31:21.287+05:30  INFO 6232 --- [main] .m.r.CurrentTenantIdentifierResolverImpl : Resolved tenant: public
2026-06-09T19:31:21.290+05:30  INFO 6232 --- [main] .m.r.CurrentTenantIdentifierResolverImpl : Resolved tenant: public
2026-06-09T19:31:21.369+05:30  INFO 6232 --- [main] c.e.Backend.payment.PaymentService       : PaymentService initialized for key id: rzp_test_SutuJ4LOVKGUJP
2026-06-09T19:31:21.416+05:30  WARN 6232 --- [main] JpaBaseConfiguration$JpaWebConfiguration : spring.jpa.open-in-view is enabled by default. Therefore, database queries may be performed during view rendering. Explicitly configure spring.jpa.open-in-view to disable this warning
2026-06-09T19:31:21.442+05:30  INFO 6232 --- [main] r$InitializeUserDetailsManagerConfigurer : Global AuthenticationManager configured with UserDetailsService bean with name customUserDetailsService
2026-06-09T19:31:21.737+05:30  INFO 6232 --- [main] c.e.B.Configuration.SecurityConfig       : Security filter chain configured
2026-06-09T19:31:21.931+05:30  INFO 6232 --- [main] .m.r.CurrentTenantIdentifierResolverImpl : Resolved tenant: public
2026-06-09T19:31:21.931+05:30  INFO 6232 --- [main] .m.r.CurrentTenantIdentifierResolverImpl : Resolved tenant: public
2026-06-09T19:31:22.065+05:30  INFO 6232 --- [main] o.s.b.w.embedded.tomcat.TomcatWebServer  : Tomcat started on port 8080 (http) with context path '/'
2026-06-09T19:31:22.068+05:30  INFO 6232 --- [main] o.s.m.s.b.SimpleBrokerMessageHandler     : Starting...
2026-06-09T19:31:22.068+05:30  INFO 6232 --- [main] o.s.m.s.b.SimpleBrokerMessageHandler     : BrokerAvailabilityEvent[available=true, SimpleBrokerMessageHandler [org.springframework.messaging.simp.broker.DefaultSubscriptionRegistry@55d683cb]]
2026-06-09T19:31:22.069+05:30  INFO 6232 --- [main] o.s.m.s.b.SimpleBrokerMessageHandler     : Started.
2026-06-09T19:31:22.078+05:30  INFO 6232 --- [main] com.example.Backend.BackendApplication   : Started BackendApplication in 7.032 seconds (process running for 7.412)
2026-06-09T19:32:22.170+05:30  INFO 6232 --- [MessageBroker-1] o.s.w.s.c.WebSocketMessageBrokerStats    : WebSocketSession[0 current WS(0)-HttpStream(0)-HttpPoll(0), 0 total, 0 closed abnormally (0 connect failure, 0 send limit, 0 transport error)], stompSubProtocol[processed CONNECT(0)-CONNECTED(0)-DISCONNECT(0)], stompBrokerRelay[null], inboundChannel[pool size = 0, active threads = 0, queued tasks = 0, completed tasks = 0], outboundChannel[pool size = 0, active threads = 0, queued tasks = 0, completed tasks = 0], sockJsScheduler[pool size = 1, active threads = 1, queued tasks = 0, completed tasks = 0]
2026-06-09T19:34:14.399+05:30  INFO 6232 --- [http-nio-8080-exec-3] o.a.c.c.C.[Tomcat].[localhost].[/]       : Initializing Spring DispatcherServlet 'dispatcherServlet'
2026-06-09T19:34:14.404+05:30  INFO 6232 --- [http-nio-8080-exec-3] o.s.web.servlet.DispatcherServlet        : Initializing Servlet 'dispatcherServlet'
2026-06-09T19:34:14.518+05:30  INFO 6232 --- [http-nio-8080-exec-3] o.s.web.servlet.DispatcherServlet        : Completed initialization in 114 ms
2026-06-09T19:34:14.645+05:30  INFO 6232 --- [http-nio-8080-exec-3] .m.r.CurrentTenantIdentifierResolverImpl : Resolved tenant: public
2026-06-09T19:34:15.134+05:30  INFO 6232 --- [http-nio-8080-exec-3] .B.m.c.MultiTenantConnectionProviderImpl : Switching database schema to tenant: public
2026-06-09T19:34:15.306+05:30  WARN 6232 --- [http-nio-8080-exec-3] o.h.engine.jdbc.spi.SqlExceptionHelper   : SQL Error: 0, SQLState: 42703
2026-06-09T19:34:15.306+05:30 ERROR 6232 --- [http-nio-8080-exec-3] o.h.engine.jdbc.spi.SqlExceptionHelper   : ERROR: column t1_0.subdomain does not exist
  Position: 47
2026-06-09T19:35:02.939+05:30  INFO 6232 --- [SpringApplicationShutdownHook] o.s.m.s.b.SimpleBrokerMessageHandler     : Stopping...
2026-06-09T19:35:02.941+05:30  INFO 6232 --- [SpringApplicationShutdownHook] o.s.m.s.b.SimpleBrokerMessageHandler     : BrokerAvailabilityEvent[available=false, SimpleBrokerMessageHandler [org.springframework.messaging.simp.broker.DefaultSubscriptionRegistry@55d683cb]]
2026-06-09T19:35:02.941+05:30  INFO 6232 --- [SpringApplicationShutdownHook] o.s.m.s.b.SimpleBrokerMessageHandler     : Stopped.
2026-06-09T19:35:03.025+05:30  INFO 6232 --- [SpringApplicationShutdownHook] j.LocalContainerEntityManagerFactoryBean : Closing JPA EntityManagerFactory for persistence unit 'default'
2026-06-09T19:35:03.049+05:30  INFO 6232 --- [SpringApplicationShutdownHook] com.zaxxer.hikari.HikariDataSource       : HikariPool-1 - Shutdown initiated...
2026-06-09T19:35:03.062+05:30  INFO 6232 --- [SpringApplicationShutdownHook] com.zaxxer.hikari.HikariDataSource       : HikariPool-1 - Shutdown completed.
2026-06-09T19:35:23.226+05:30  INFO 22500 --- [main] com.example.Backend.BackendApplication   : Starting BackendApplication using Java 17.0.12 with PID 22500 (D:\Projects\saas\Backend\target\classes started by Admin in D:\Projects\saas\Backend)
2026-06-09T19:35:23.231+05:30  INFO 22500 --- [main] com.example.Backend.BackendApplication   : No active profile set, falling back to 1 default profile: "default"
2026-06-09T19:35:24.694+05:30  INFO 22500 --- [main] .s.d.r.c.RepositoryConfigurationDelegate : Bootstrapping Spring Data JPA repositories in DEFAULT mode.
2026-06-09T19:35:24.883+05:30  INFO 22500 --- [main] .s.d.r.c.RepositoryConfigurationDelegate : Finished Spring Data repository scanning in 171 ms. Found 18 JPA repository interfaces.
2026-06-09T19:35:25.837+05:30  INFO 22500 --- [main] o.s.b.w.embedded.tomcat.TomcatWebServer  : Tomcat initialized with port 8080 (http)
2026-06-09T19:35:25.860+05:30  INFO 22500 --- [main] o.apache.catalina.core.StandardService   : Starting service [Tomcat]
2026-06-09T19:35:25.860+05:30  INFO 22500 --- [main] o.apache.catalina.core.StandardEngine    : Starting Servlet engine: [Apache Tomcat/10.1.31]
2026-06-09T19:35:25.969+05:30  INFO 22500 --- [main] o.a.c.c.C.[Tomcat].[localhost].[/]       : Initializing Spring embedded WebApplicationContext
2026-06-09T19:35:25.970+05:30  INFO 22500 --- [main] w.s.c.ServletWebServerApplicationContext : Root WebApplicationContext: initialization completed in 2667 ms
2026-06-09T19:35:26.351+05:30  INFO 22500 --- [main] o.hibernate.jpa.internal.util.LogHelper  : HHH000204: Processing PersistenceUnitInfo [name: default]
2026-06-09T19:35:26.532+05:30  INFO 22500 --- [main] org.hibernate.Version                    : HHH000412: Hibernate ORM core version 6.5.3.Final
2026-06-09T19:35:26.625+05:30  INFO 22500 --- [main] o.h.c.internal.RegionFactoryInitiator    : HHH000026: Second-level cache disabled
2026-06-09T19:35:27.118+05:30  INFO 22500 --- [main] o.s.o.j.p.SpringPersistenceUnitInfo      : No LoadTimeWeaver setup: ignoring JPA class transformer
2026-06-09T19:35:27.177+05:30  INFO 22500 --- [main] com.zaxxer.hikari.HikariDataSource       : HikariPool-1 - Starting...
2026-06-09T19:35:27.522+05:30  INFO 22500 --- [main] com.zaxxer.hikari.pool.HikariPool        : HikariPool-1 - Added connection org.postgresql.jdbc.PgConnection@40fe8fd5
2026-06-09T19:35:27.524+05:30  INFO 22500 --- [main] com.zaxxer.hikari.HikariDataSource       : HikariPool-1 - Start completed.
2026-06-09T19:35:27.594+05:30  WARN 22500 --- [main] org.hibernate.orm.deprecation            : HHH90000025: PostgreSQLDialect does not need to be specified explicitly using 'hibernate.dialect' (remove the property setting and it will be selected by default)
2026-06-09T19:35:29.317+05:30  INFO 22500 --- [main] o.h.e.t.j.p.i.JtaPlatformInitiator       : HHH000489: No JTA platform available (set 'hibernate.transaction.jta.platform' to enable JTA platform integration)
2026-06-09T19:35:29.322+05:30  INFO 22500 --- [main] j.LocalContainerEntityManagerFactoryBean : Initialized JPA EntityManagerFactory for persistence unit 'default'
2026-06-09T19:35:29.426+05:30  INFO 22500 --- [main] .m.r.CurrentTenantIdentifierResolverImpl : Resolved tenant: public
2026-06-09T19:35:29.491+05:30  INFO 22500 --- [main] .m.r.CurrentTenantIdentifierResolverImpl : Resolved tenant: public
2026-06-09T19:35:29.597+05:30  INFO 22500 --- [main] .m.r.CurrentTenantIdentifierResolverImpl : Resolved tenant: public
2026-06-09T19:35:29.666+05:30  INFO 22500 --- [main] .m.r.CurrentTenantIdentifierResolverImpl : Resolved tenant: public
2026-06-09T19:35:29.676+05:30  INFO 22500 --- [main] .m.r.CurrentTenantIdentifierResolverImpl : Resolved tenant: public
2026-06-09T19:35:29.875+05:30  INFO 22500 --- [main] .m.r.CurrentTenantIdentifierResolverImpl : Resolved tenant: public
2026-06-09T19:35:29.876+05:30  INFO 22500 --- [main] .m.r.CurrentTenantIdentifierResolverImpl : Resolved tenant: public
2026-06-09T19:35:29.879+05:30  INFO 22500 --- [main] .m.r.CurrentTenantIdentifierResolverImpl : Resolved tenant: public
2026-06-09T19:35:29.880+05:30  INFO 22500 --- [main] .m.r.CurrentTenantIdentifierResolverImpl : Resolved tenant: public
2026-06-09T19:35:29.882+05:30  INFO 22500 --- [main] .m.r.CurrentTenantIdentifierResolverImpl : Resolved tenant: public
2026-06-09T19:35:29.884+05:30  INFO 22500 --- [main] .m.r.CurrentTenantIdentifierResolverImpl : Resolved tenant: public
2026-06-09T19:35:29.892+05:30  INFO 22500 --- [main] .m.r.CurrentTenantIdentifierResolverImpl : Resolved tenant: public
2026-06-09T19:35:29.893+05:30  INFO 22500 --- [main] .m.r.CurrentTenantIdentifierResolverImpl : Resolved tenant: public
2026-06-09T19:35:30.031+05:30  INFO 22500 --- [main] .m.r.CurrentTenantIdentifierResolverImpl : Resolved tenant: public
2026-06-09T19:35:30.048+05:30  INFO 22500 --- [main] .m.r.CurrentTenantIdentifierResolverImpl : Resolved tenant: public
2026-06-09T19:35:30.054+05:30  INFO 22500 --- [main] .m.r.CurrentTenantIdentifierResolverImpl : Resolved tenant: public
2026-06-09T19:35:30.056+05:30  INFO 22500 --- [main] .m.r.CurrentTenantIdentifierResolverImpl : Resolved tenant: public
2026-06-09T19:35:30.059+05:30  INFO 22500 --- [main] .m.r.CurrentTenantIdentifierResolverImpl : Resolved tenant: public
2026-06-09T19:35:30.059+05:30  INFO 22500 --- [main] .m.r.CurrentTenantIdentifierResolverImpl : Resolved tenant: public
2026-06-09T19:35:30.087+05:30  INFO 22500 --- [main] .m.r.CurrentTenantIdentifierResolverImpl : Resolved tenant: public
2026-06-09T19:35:30.089+05:30  INFO 22500 --- [main] .m.r.CurrentTenantIdentifierResolverImpl : Resolved tenant: public
2026-06-09T19:35:30.093+05:30  INFO 22500 --- [main] .m.r.CurrentTenantIdentifierResolverImpl : Resolved tenant: public
2026-06-09T19:35:30.095+05:30  INFO 22500 --- [main] .m.r.CurrentTenantIdentifierResolverImpl : Resolved tenant: public
2026-06-09T19:35:30.107+05:30  INFO 22500 --- [main] .m.r.CurrentTenantIdentifierResolverImpl : Resolved tenant: public
2026-06-09T19:35:30.120+05:30  INFO 22500 --- [main] .m.r.CurrentTenantIdentifierResolverImpl : Resolved tenant: public
2026-06-09T19:35:30.125+05:30  INFO 22500 --- [main] .m.r.CurrentTenantIdentifierResolverImpl : Resolved tenant: public
2026-06-09T19:35:30.126+05:30  INFO 22500 --- [main] .m.r.CurrentTenantIdentifierResolverImpl : Resolved tenant: public
2026-06-09T19:35:30.144+05:30  INFO 22500 --- [main] o.s.d.j.r.query.QueryEnhancerFactory     : Hibernate is in classpath; If applicable, HQL parser will be used.
2026-06-09T19:35:30.423+05:30  INFO 22500 --- [main] .m.r.CurrentTenantIdentifierResolverImpl : Resolved tenant: public
2026-06-09T19:35:30.425+05:30  INFO 22500 --- [main] .m.r.CurrentTenantIdentifierResolverImpl : Resolved tenant: public
2026-06-09T19:35:30.431+05:30  INFO 22500 --- [main] .m.r.CurrentTenantIdentifierResolverImpl : Resolved tenant: public
2026-06-09T19:35:30.796+05:30  INFO 22500 --- [main] .m.r.CurrentTenantIdentifierResolverImpl : Resolved tenant: public
2026-06-09T19:35:30.797+05:30  INFO 22500 --- [main] .m.r.CurrentTenantIdentifierResolverImpl : Resolved tenant: public
2026-06-09T19:35:30.800+05:30  INFO 22500 --- [main] .m.r.CurrentTenantIdentifierResolverImpl : Resolved tenant: public
2026-06-09T19:35:30.829+05:30  INFO 22500 --- [main] .m.r.CurrentTenantIdentifierResolverImpl : Resolved tenant: public
2026-06-09T19:35:30.830+05:30  INFO 22500 --- [main] .m.r.CurrentTenantIdentifierResolverImpl : Resolved tenant: public
2026-06-09T19:35:30.832+05:30  INFO 22500 --- [main] .m.r.CurrentTenantIdentifierResolverImpl : Resolved tenant: public
2026-06-09T19:35:30.848+05:30  INFO 22500 --- [main] .m.r.CurrentTenantIdentifierResolverImpl : Resolved tenant: public
2026-06-09T19:35:30.849+05:30  INFO 22500 --- [main] .m.r.CurrentTenantIdentifierResolverImpl : Resolved tenant: public
2026-06-09T19:35:30.853+05:30  INFO 22500 --- [main] .m.r.CurrentTenantIdentifierResolverImpl : Resolved tenant: public
2026-06-09T19:35:30.878+05:30  INFO 22500 --- [main] .m.r.CurrentTenantIdentifierResolverImpl : Resolved tenant: public
2026-06-09T19:35:30.882+05:30  INFO 22500 --- [main] .m.r.CurrentTenantIdentifierResolverImpl : Resolved tenant: public
2026-06-09T19:35:30.901+05:30  INFO 22500 --- [main] .m.r.CurrentTenantIdentifierResolverImpl : Resolved tenant: public
2026-06-09T19:35:30.914+05:30  INFO 22500 --- [main] .m.r.CurrentTenantIdentifierResolverImpl : Resolved tenant: public
2026-06-09T19:35:30.918+05:30  INFO 22500 --- [main] .m.r.CurrentTenantIdentifierResolverImpl : Resolved tenant: public
2026-06-09T19:35:30.921+05:30  INFO 22500 --- [main] .m.r.CurrentTenantIdentifierResolverImpl : Resolved tenant: public
2026-06-09T19:35:31.092+05:30  INFO 22500 --- [main] .m.r.CurrentTenantIdentifierResolverImpl : Resolved tenant: public
2026-06-09T19:35:31.111+05:30  INFO 22500 --- [main] .m.r.CurrentTenantIdentifierResolverImpl : Resolved tenant: public
2026-06-09T19:35:31.116+05:30  INFO 22500 --- [main] .m.r.CurrentTenantIdentifierResolverImpl : Resolved tenant: public
2026-06-09T19:35:31.117+05:30  INFO 22500 --- [main] .m.r.CurrentTenantIdentifierResolverImpl : Resolved tenant: public
2026-06-09T19:35:31.121+05:30  INFO 22500 --- [main] .m.r.CurrentTenantIdentifierResolverImpl : Resolved tenant: public
2026-06-09T19:35:31.122+05:30  INFO 22500 --- [main] .m.r.CurrentTenantIdentifierResolverImpl : Resolved tenant: public
2026-06-09T19:35:31.124+05:30  INFO 22500 --- [main] .m.r.CurrentTenantIdentifierResolverImpl : Resolved tenant: public
2026-06-09T19:35:31.125+05:30  INFO 22500 --- [main] .m.r.CurrentTenantIdentifierResolverImpl : Resolved tenant: public
2026-06-09T19:35:31.138+05:30  INFO 22500 --- [main] .m.r.CurrentTenantIdentifierResolverImpl : Resolved tenant: public
2026-06-09T19:35:31.140+05:30  INFO 22500 --- [main] .m.r.CurrentTenantIdentifierResolverImpl : Resolved tenant: public
2026-06-09T19:35:31.144+05:30  INFO 22500 --- [main] .m.r.CurrentTenantIdentifierResolverImpl : Resolved tenant: public
2026-06-09T19:35:31.144+05:30  INFO 22500 --- [main] .m.r.CurrentTenantIdentifierResolverImpl : Resolved tenant: public
2026-06-09T19:35:31.156+05:30  INFO 22500 --- [main] .m.r.CurrentTenantIdentifierResolverImpl : Resolved tenant: public
2026-06-09T19:35:31.157+05:30  INFO 22500 --- [main] .m.r.CurrentTenantIdentifierResolverImpl : Resolved tenant: public
2026-06-09T19:35:31.159+05:30  INFO 22500 --- [main] .m.r.CurrentTenantIdentifierResolverImpl : Resolved tenant: public
2026-06-09T19:35:31.160+05:30  INFO 22500 --- [main] .m.r.CurrentTenantIdentifierResolverImpl : Resolved tenant: public
2026-06-09T19:35:31.162+05:30  INFO 22500 --- [main] .m.r.CurrentTenantIdentifierResolverImpl : Resolved tenant: public
2026-06-09T19:35:31.163+05:30  INFO 22500 --- [main] .m.r.CurrentTenantIdentifierResolverImpl : Resolved tenant: public
2026-06-09T19:35:31.174+05:30  INFO 22500 --- [main] .m.r.CurrentTenantIdentifierResolverImpl : Resolved tenant: public
2026-06-09T19:35:31.176+05:30  INFO 22500 --- [main] .m.r.CurrentTenantIdentifierResolverImpl : Resolved tenant: public
2026-06-09T19:35:31.178+05:30  INFO 22500 --- [main] .m.r.CurrentTenantIdentifierResolverImpl : Resolved tenant: public
2026-06-09T19:35:31.179+05:30  INFO 22500 --- [main] .m.r.CurrentTenantIdentifierResolverImpl : Resolved tenant: public
2026-06-09T19:35:31.203+05:30  INFO 22500 --- [main] .m.r.CurrentTenantIdentifierResolverImpl : Resolved tenant: public
2026-06-09T19:35:31.209+05:30  INFO 22500 --- [main] .m.r.CurrentTenantIdentifierResolverImpl : Resolved tenant: public
2026-06-09T19:35:31.215+05:30  INFO 22500 --- [main] .m.r.CurrentTenantIdentifierResolverImpl : Resolved tenant: public
2026-06-09T19:35:31.216+05:30  INFO 22500 --- [main] .m.r.CurrentTenantIdentifierResolverImpl : Resolved tenant: public
2026-06-09T19:35:31.219+05:30  INFO 22500 --- [main] .m.r.CurrentTenantIdentifierResolverImpl : Resolved tenant: public
2026-06-09T19:35:31.219+05:30  INFO 22500 --- [main] .m.r.CurrentTenantIdentifierResolverImpl : Resolved tenant: public
2026-06-09T19:35:31.223+05:30  INFO 22500 --- [main] .m.r.CurrentTenantIdentifierResolverImpl : Resolved tenant: public
2026-06-09T19:35:31.224+05:30  INFO 22500 --- [main] .m.r.CurrentTenantIdentifierResolverImpl : Resolved tenant: public
2026-06-09T19:35:31.243+05:30  INFO 22500 --- [main] .m.r.CurrentTenantIdentifierResolverImpl : Resolved tenant: public
2026-06-09T19:35:31.245+05:30  INFO 22500 --- [main] .m.r.CurrentTenantIdentifierResolverImpl : Resolved tenant: public
2026-06-09T19:35:31.252+05:30  INFO 22500 --- [main] .m.r.CurrentTenantIdentifierResolverImpl : Resolved tenant: public
2026-06-09T19:35:31.312+05:30  INFO 22500 --- [main] .m.r.CurrentTenantIdentifierResolverImpl : Resolved tenant: public
2026-06-09T19:35:31.313+05:30  INFO 22500 --- [main] .m.r.CurrentTenantIdentifierResolverImpl : Resolved tenant: public
2026-06-09T19:35:31.315+05:30  INFO 22500 --- [main] .m.r.CurrentTenantIdentifierResolverImpl : Resolved tenant: public
2026-06-09T19:35:31.319+05:30  INFO 22500 --- [main] .m.r.CurrentTenantIdentifierResolverImpl : Resolved tenant: public
2026-06-09T19:35:31.319+05:30  INFO 22500 --- [main] .m.r.CurrentTenantIdentifierResolverImpl : Resolved tenant: public
2026-06-09T19:35:31.321+05:30  INFO 22500 --- [main] .m.r.CurrentTenantIdentifierResolverImpl : Resolved tenant: public
2026-06-09T19:35:31.326+05:30  INFO 22500 --- [main] .m.r.CurrentTenantIdentifierResolverImpl : Resolved tenant: public
2026-06-09T19:35:31.327+05:30  INFO 22500 --- [main] .m.r.CurrentTenantIdentifierResolverImpl : Resolved tenant: public
2026-06-09T19:35:31.329+05:30  INFO 22500 --- [main] .m.r.CurrentTenantIdentifierResolverImpl : Resolved tenant: public
2026-06-09T19:35:31.332+05:30  INFO 22500 --- [main] .m.r.CurrentTenantIdentifierResolverImpl : Resolved tenant: public
2026-06-09T19:35:31.334+05:30  INFO 22500 --- [main] .m.r.CurrentTenantIdentifierResolverImpl : Resolved tenant: public
2026-06-09T19:35:31.337+05:30  INFO 22500 --- [main] .m.r.CurrentTenantIdentifierResolverImpl : Resolved tenant: public
2026-06-09T19:35:31.349+05:30  INFO 22500 --- [main] .m.r.CurrentTenantIdentifierResolverImpl : Resolved tenant: public
2026-06-09T19:35:31.350+05:30  INFO 22500 --- [main] .m.r.CurrentTenantIdentifierResolverImpl : Resolved tenant: public
2026-06-09T19:35:31.352+05:30  INFO 22500 --- [main] .m.r.CurrentTenantIdentifierResolverImpl : Resolved tenant: public
2026-06-09T19:35:31.357+05:30  INFO 22500 --- [main] .m.r.CurrentTenantIdentifierResolverImpl : Resolved tenant: public
2026-06-09T19:35:31.359+05:30  INFO 22500 --- [main] .m.r.CurrentTenantIdentifierResolverImpl : Resolved tenant: public
2026-06-09T19:35:31.361+05:30  INFO 22500 --- [main] .m.r.CurrentTenantIdentifierResolverImpl : Resolved tenant: public
2026-06-09T19:35:31.364+05:30  INFO 22500 --- [main] .m.r.CurrentTenantIdentifierResolverImpl : Resolved tenant: public
2026-06-09T19:35:31.365+05:30  INFO 22500 --- [main] .m.r.CurrentTenantIdentifierResolverImpl : Resolved tenant: public
2026-06-09T19:35:31.367+05:30  INFO 22500 --- [main] .m.r.CurrentTenantIdentifierResolverImpl : Resolved tenant: public
2026-06-09T19:35:31.374+05:30  INFO 22500 --- [main] .m.r.CurrentTenantIdentifierResolverImpl : Resolved tenant: public
2026-06-09T19:35:31.375+05:30  INFO 22500 --- [main] .m.r.CurrentTenantIdentifierResolverImpl : Resolved tenant: public
2026-06-09T19:35:31.377+05:30  INFO 22500 --- [main] .m.r.CurrentTenantIdentifierResolverImpl : Resolved tenant: public
2026-06-09T19:35:31.390+05:30  INFO 22500 --- [main] .m.r.CurrentTenantIdentifierResolverImpl : Resolved tenant: public
2026-06-09T19:35:31.391+05:30  INFO 22500 --- [main] .m.r.CurrentTenantIdentifierResolverImpl : Resolved tenant: public
2026-06-09T19:35:31.392+05:30  INFO 22500 --- [main] .m.r.CurrentTenantIdentifierResolverImpl : Resolved tenant: public
2026-06-09T19:35:31.395+05:30  INFO 22500 --- [main] .m.r.CurrentTenantIdentifierResolverImpl : Resolved tenant: public
2026-06-09T19:35:31.396+05:30  INFO 22500 --- [main] .m.r.CurrentTenantIdentifierResolverImpl : Resolved tenant: public
2026-06-09T19:35:31.398+05:30  INFO 22500 --- [main] .m.r.CurrentTenantIdentifierResolverImpl : Resolved tenant: public
2026-06-09T19:35:31.400+05:30  INFO 22500 --- [main] .m.r.CurrentTenantIdentifierResolverImpl : Resolved tenant: public
2026-06-09T19:35:31.412+05:30  INFO 22500 --- [main] .m.r.CurrentTenantIdentifierResolverImpl : Resolved tenant: public
2026-06-09T19:35:31.419+05:30  INFO 22500 --- [main] .m.r.CurrentTenantIdentifierResolverImpl : Resolved tenant: public
2026-06-09T19:35:31.428+05:30  INFO 22500 --- [main] .m.r.CurrentTenantIdentifierResolverImpl : Resolved tenant: public
2026-06-09T19:35:31.430+05:30  INFO 22500 --- [main] .m.r.CurrentTenantIdentifierResolverImpl : Resolved tenant: public
2026-06-09T19:35:31.432+05:30  INFO 22500 --- [main] .m.r.CurrentTenantIdentifierResolverImpl : Resolved tenant: public
2026-06-09T19:35:31.439+05:30  INFO 22500 --- [main] .m.r.CurrentTenantIdentifierResolverImpl : Resolved tenant: public
2026-06-09T19:35:31.440+05:30  INFO 22500 --- [main] .m.r.CurrentTenantIdentifierResolverImpl : Resolved tenant: public
2026-06-09T19:35:31.443+05:30  INFO 22500 --- [main] .m.r.CurrentTenantIdentifierResolverImpl : Resolved tenant: public
2026-06-09T19:35:31.448+05:30  INFO 22500 --- [main] .m.r.CurrentTenantIdentifierResolverImpl : Resolved tenant: public
2026-06-09T19:35:31.451+05:30  INFO 22500 --- [main] .m.r.CurrentTenantIdentifierResolverImpl : Resolved tenant: public
2026-06-09T19:35:31.455+05:30  INFO 22500 --- [main] .m.r.CurrentTenantIdentifierResolverImpl : Resolved tenant: public
2026-06-09T19:35:31.459+05:30  INFO 22500 --- [main] .m.r.CurrentTenantIdentifierResolverImpl : Resolved tenant: public
2026-06-09T19:35:31.460+05:30  INFO 22500 --- [main] .m.r.CurrentTenantIdentifierResolverImpl : Resolved tenant: public
2026-06-09T19:35:31.464+05:30  INFO 22500 --- [main] .m.r.CurrentTenantIdentifierResolverImpl : Resolved tenant: public
2026-06-09T19:35:31.465+05:30  INFO 22500 --- [main] .m.r.CurrentTenantIdentifierResolverImpl : Resolved tenant: public
2026-06-09T19:35:31.467+05:30  INFO 22500 --- [main] .m.r.CurrentTenantIdentifierResolverImpl : Resolved tenant: public
2026-06-09T19:35:31.474+05:30  INFO 22500 --- [main] .m.r.CurrentTenantIdentifierResolverImpl : Resolved tenant: public
2026-06-09T19:35:31.474+05:30  INFO 22500 --- [main] .m.r.CurrentTenantIdentifierResolverImpl : Resolved tenant: public
2026-06-09T19:35:31.476+05:30  INFO 22500 --- [main] .m.r.CurrentTenantIdentifierResolverImpl : Resolved tenant: public
2026-06-09T19:35:31.480+05:30  INFO 22500 --- [main] .m.r.CurrentTenantIdentifierResolverImpl : Resolved tenant: public
2026-06-09T19:35:31.480+05:30  INFO 22500 --- [main] .m.r.CurrentTenantIdentifierResolverImpl : Resolved tenant: public
2026-06-09T19:35:31.484+05:30  INFO 22500 --- [main] .m.r.CurrentTenantIdentifierResolverImpl : Resolved tenant: public
2026-06-09T19:35:31.489+05:30  INFO 22500 --- [main] .m.r.CurrentTenantIdentifierResolverImpl : Resolved tenant: public
2026-06-09T19:35:31.491+05:30  INFO 22500 --- [main] .m.r.CurrentTenantIdentifierResolverImpl : Resolved tenant: public
2026-06-09T19:35:31.493+05:30  INFO 22500 --- [main] .m.r.CurrentTenantIdentifierResolverImpl : Resolved tenant: public
2026-06-09T19:35:31.496+05:30  INFO 22500 --- [main] .m.r.CurrentTenantIdentifierResolverImpl : Resolved tenant: public
2026-06-09T19:35:31.500+05:30  INFO 22500 --- [main] .m.r.CurrentTenantIdentifierResolverImpl : Resolved tenant: public
2026-06-09T19:35:31.506+05:30  INFO 22500 --- [main] .m.r.CurrentTenantIdentifierResolverImpl : Resolved tenant: public
2026-06-09T19:35:31.511+05:30  INFO 22500 --- [main] .m.r.CurrentTenantIdentifierResolverImpl : Resolved tenant: public
2026-06-09T19:35:31.512+05:30  INFO 22500 --- [main] .m.r.CurrentTenantIdentifierResolverImpl : Resolved tenant: public
2026-06-09T19:35:31.514+05:30  INFO 22500 --- [main] .m.r.CurrentTenantIdentifierResolverImpl : Resolved tenant: public
2026-06-09T19:35:31.524+05:30  INFO 22500 --- [main] .m.r.CurrentTenantIdentifierResolverImpl : Resolved tenant: public
2026-06-09T19:35:31.525+05:30  INFO 22500 --- [main] .m.r.CurrentTenantIdentifierResolverImpl : Resolved tenant: public
2026-06-09T19:35:31.527+05:30  INFO 22500 --- [main] .m.r.CurrentTenantIdentifierResolverImpl : Resolved tenant: public
2026-06-09T19:35:31.539+05:30  INFO 22500 --- [main] .m.r.CurrentTenantIdentifierResolverImpl : Resolved tenant: public
2026-06-09T19:35:31.540+05:30  INFO 22500 --- [main] .m.r.CurrentTenantIdentifierResolverImpl : Resolved tenant: public
2026-06-09T19:35:31.543+05:30  INFO 22500 --- [main] .m.r.CurrentTenantIdentifierResolverImpl : Resolved tenant: public
2026-06-09T19:35:31.576+05:30  INFO 22500 --- [main] .m.r.CurrentTenantIdentifierResolverImpl : Resolved tenant: public
2026-06-09T19:35:31.584+05:30  INFO 22500 --- [main] .m.r.CurrentTenantIdentifierResolverImpl : Resolved tenant: public
2026-06-09T19:35:31.605+05:30  INFO 22500 --- [main] .m.r.CurrentTenantIdentifierResolverImpl : Resolved tenant: public
2026-06-09T19:35:31.612+05:30  INFO 22500 --- [main] .m.r.CurrentTenantIdentifierResolverImpl : Resolved tenant: public
2026-06-09T19:35:31.634+05:30  INFO 22500 --- [main] .m.r.CurrentTenantIdentifierResolverImpl : Resolved tenant: public
2026-06-09T19:35:31.642+05:30  INFO 22500 --- [main] .m.r.CurrentTenantIdentifierResolverImpl : Resolved tenant: public
2026-06-09T19:35:31.674+05:30  INFO 22500 --- [main] .m.r.CurrentTenantIdentifierResolverImpl : Resolved tenant: public
2026-06-09T19:35:31.680+05:30  INFO 22500 --- [main] .m.r.CurrentTenantIdentifierResolverImpl : Resolved tenant: public
2026-06-09T19:35:31.683+05:30  INFO 22500 --- [main] .m.r.CurrentTenantIdentifierResolverImpl : Resolved tenant: public
2026-06-09T19:35:31.684+05:30  INFO 22500 --- [main] .m.r.CurrentTenantIdentifierResolverImpl : Resolved tenant: public
2026-06-09T19:35:31.689+05:30  INFO 22500 --- [main] .m.r.CurrentTenantIdentifierResolverImpl : Resolved tenant: public
2026-06-09T19:35:31.690+05:30  INFO 22500 --- [main] .m.r.CurrentTenantIdentifierResolverImpl : Resolved tenant: public
2026-06-09T19:35:31.725+05:30  INFO 22500 --- [main] .m.r.CurrentTenantIdentifierResolverImpl : Resolved tenant: public
2026-06-09T19:35:31.730+05:30  INFO 22500 --- [main] .m.r.CurrentTenantIdentifierResolverImpl : Resolved tenant: public
2026-06-09T19:35:31.869+05:30  INFO 22500 --- [main] c.e.Backend.payment.PaymentService       : PaymentService initialized for key id: rzp_test_SutuJ4LOVKGUJP
2026-06-09T19:35:31.941+05:30  WARN 22500 --- [main] JpaBaseConfiguration$JpaWebConfiguration : spring.jpa.open-in-view is enabled by default. Therefore, database queries may be performed during view rendering. Explicitly configure spring.jpa.open-in-view to disable this warning
2026-06-09T19:35:31.978+05:30  INFO 22500 --- [main] r$InitializeUserDetailsManagerConfigurer : Global AuthenticationManager configured with UserDetailsService bean with name customUserDetailsService
2026-06-09T19:35:32.373+05:30  INFO 22500 --- [main] c.e.B.Configuration.SecurityConfig       : Security filter chain configured
2026-06-09T19:35:32.662+05:30  INFO 22500 --- [main] .m.r.CurrentTenantIdentifierResolverImpl : Resolved tenant: public
2026-06-09T19:35:32.663+05:30  INFO 22500 --- [main] .m.r.CurrentTenantIdentifierResolverImpl : Resolved tenant: public
2026-06-09T19:35:32.926+05:30  INFO 22500 --- [main] o.s.b.w.embedded.tomcat.TomcatWebServer  : Tomcat started on port 8080 (http) with context path '/'
2026-06-09T19:35:32.945+05:30  INFO 22500 --- [main] o.s.m.s.b.SimpleBrokerMessageHandler     : Starting...
2026-06-09T19:35:32.947+05:30  INFO 22500 --- [main] o.s.m.s.b.SimpleBrokerMessageHandler     : BrokerAvailabilityEvent[available=true, SimpleBrokerMessageHandler [org.springframework.messaging.simp.broker.DefaultSubscriptionRegistry@1d6daa8a]]
2026-06-09T19:35:32.948+05:30  INFO 22500 --- [main] o.s.m.s.b.SimpleBrokerMessageHandler     : Started.
2026-06-09T19:35:32.979+05:30  INFO 22500 --- [main] com.example.Backend.BackendApplication   : Started BackendApplication in 10.441 seconds (process running for 11.121)
2026-06-09T19:35:42.518+05:30  INFO 22500 --- [http-nio-8080-exec-1] o.a.c.c.C.[Tomcat].[localhost].[/]       : Initializing Spring DispatcherServlet 'dispatcherServlet'
2026-06-09T19:35:42.518+05:30  INFO 22500 --- [http-nio-8080-exec-1] o.s.web.servlet.DispatcherServlet        : Initializing Servlet 'dispatcherServlet'
2026-06-09T19:35:42.521+05:30  INFO 22500 --- [http-nio-8080-exec-1] o.s.web.servlet.DispatcherServlet        : Completed initialization in 2 ms
2026-06-09T19:35:42.570+05:30  INFO 22500 --- [http-nio-8080-exec-1] .m.r.CurrentTenantIdentifierResolverImpl : Resolved tenant: public
2026-06-09T19:35:42.785+05:30  INFO 22500 --- [http-nio-8080-exec-1] .B.m.c.MultiTenantConnectionProviderImpl : Switching database schema to tenant: public
2026-06-09T19:35:42.806+05:30  WARN 22500 --- [http-nio-8080-exec-1] o.h.engine.jdbc.spi.SqlExceptionHelper   : SQL Error: 0, SQLState: 42P01
2026-06-09T19:35:42.806+05:30 ERROR 22500 --- [http-nio-8080-exec-1] o.h.engine.jdbc.spi.SqlExceptionHelper   : ERROR: relation "public.tenants" does not exist
  Position: 21
2026-06-09T19:36:32.884+05:30  INFO 22500 --- [MessageBroker-1] o.s.w.s.c.WebSocketMessageBrokerStats    : WebSocketSession[0 current WS(0)-HttpStream(0)-HttpPoll(0), 0 total, 0 closed abnormally (0 connect failure, 0 send limit, 0 transport error)], stompSubProtocol[processed CONNECT(0)-CONNECTED(0)-DISCONNECT(0)], stompBrokerRelay[null], inboundChannel[pool size = 0, active threads = 0, queued tasks = 0, completed tasks = 0], outboundChannel[pool size = 0, active threads = 0, queued tasks = 0, completed tasks = 0], sockJsScheduler[pool size = 1, active threads = 1, queued tasks = 0, completed tasks = 0]
2026-06-09T19:41:51.334+05:30  INFO 22500 --- [http-nio-8080-exec-4] .m.r.CurrentTenantIdentifierResolverImpl : Resolved tenant: public
2026-06-09T19:41:51.550+05:30  INFO 22500 --- [http-nio-8080-exec-4] .B.m.c.MultiTenantConnectionProviderImpl : Switching database schema to tenant: public
2026-06-09T19:41:52.481+05:30  INFO 22500 --- [http-nio-8080-exec-4] org.flywaydb.core.FlywayExecutor         : Database: jdbc:postgresql://localhost:5432/saas_pos (PostgreSQL 16.14)
2026-06-09T19:41:52.641+05:30  INFO 22500 --- [http-nio-8080-exec-4] o.f.c.i.s.JdbcTableSchemaHistory         : Schema history table "tenant_vsjuice_ind"."flyway_schema_history" does not exist yet
2026-06-09T19:41:52.649+05:30  INFO 22500 --- [http-nio-8080-exec-4] o.f.core.internal.command.DbValidate     : Successfully validated 3 migrations (execution time 00:00.117s)
2026-06-09T19:41:52.701+05:30  INFO 22500 --- [http-nio-8080-exec-4] o.f.c.i.s.JdbcTableSchemaHistory         : Creating Schema History table "tenant_vsjuice_ind"."flyway_schema_history" ...
2026-06-09T19:41:52.805+05:30  INFO 22500 --- [http-nio-8080-exec-4] o.f.core.internal.command.DbMigrate      : Current version of schema "tenant_vsjuice_ind": << Empty Schema >>
2026-06-09T19:41:52.840+05:30  INFO 22500 --- [http-nio-8080-exec-4] o.f.core.internal.command.DbMigrate      : Migrating schema "tenant_vsjuice_ind" to version "1 - init tables"
2026-06-09T19:41:53.044+05:30  INFO 22500 --- [http-nio-8080-exec-4] o.f.core.internal.command.DbMigrate      : Migrating schema "tenant_vsjuice_ind" to version "2 - create ordering tables"
2026-06-09T19:41:53.119+05:30  INFO 22500 --- [http-nio-8080-exec-4] o.f.core.internal.command.DbMigrate      : Migrating schema "tenant_vsjuice_ind" to version "3 - customer display"
2026-06-09T19:41:53.156+05:30  INFO 22500 --- [http-nio-8080-exec-4] o.f.core.internal.command.DbMigrate      : Successfully applied 3 migrations to schema "tenant_vsjuice_ind", now at version v3 (execution time 00:00.258s)
2026-06-09T19:42:30.472+05:30  INFO 22500 --- [http-nio-8080-exec-6] .m.r.CurrentTenantIdentifierResolverImpl : Resolved tenant: public
2026-06-09T19:42:30.477+05:30  INFO 22500 --- [http-nio-8080-exec-6] .B.m.c.MultiTenantConnectionProviderImpl : Switching database schema to tenant: public
2026-06-09T19:42:30.494+05:30  INFO 22500 --- [http-nio-8080-exec-6] org.flywaydb.core.FlywayExecutor         : Database: jdbc:postgresql://localhost:5432/saas_pos (PostgreSQL 16.14)
2026-06-09T19:42:30.501+05:30  INFO 22500 --- [http-nio-8080-exec-6] o.f.c.i.s.JdbcTableSchemaHistory         : Schema history table "tenant_vsjuice_sg"."flyway_schema_history" does not exist yet
2026-06-09T19:42:30.502+05:30  INFO 22500 --- [http-nio-8080-exec-6] o.f.core.internal.command.DbValidate     : Successfully validated 3 migrations (execution time 00:00.004s)
2026-06-09T19:42:30.507+05:30  INFO 22500 --- [http-nio-8080-exec-6] o.f.c.i.s.JdbcTableSchemaHistory         : Creating Schema History table "tenant_vsjuice_sg"."flyway_schema_history" ...
2026-06-09T19:42:30.531+05:30  INFO 22500 --- [http-nio-8080-exec-6] o.f.core.internal.command.DbMigrate      : Current version of schema "tenant_vsjuice_sg": << Empty Schema >>
2026-06-09T19:42:30.539+05:30  INFO 22500 --- [http-nio-8080-exec-6] o.f.core.internal.command.DbMigrate      : Migrating schema "tenant_vsjuice_sg" to version "1 - init tables"
2026-06-09T19:42:30.677+05:30  INFO 22500 --- [http-nio-8080-exec-6] o.f.core.internal.command.DbMigrate      : Migrating schema "tenant_vsjuice_sg" to version "2 - create ordering tables"
2026-06-09T19:42:30.770+05:30  INFO 22500 --- [http-nio-8080-exec-6] o.f.core.internal.command.DbMigrate      : Migrating schema "tenant_vsjuice_sg" to version "3 - customer display"
2026-06-09T19:42:30.811+05:30  INFO 22500 --- [http-nio-8080-exec-6] o.f.core.internal.command.DbMigrate      : Successfully applied 3 migrations to schema "tenant_vsjuice_sg", now at version v3 (execution time 00:00.246s)
2026-06-09T20:06:32.928+05:30  INFO 22500 --- [MessageBroker-1] o.s.w.s.c.WebSocketMessageBrokerStats    : WebSocketSession[0 current WS(0)-HttpStream(0)-HttpPoll(0), 0 total, 0 closed abnormally (0 connect failure, 0 send limit, 0 transport error)], stompSubProtocol[processed CONNECT(0)-CONNECTED(0)-DISCONNECT(0)], stompBrokerRelay[null], inboundChannel[pool size = 0, active threads = 0, queued tasks = 0, completed tasks = 0], outboundChannel[pool size = 0, active threads = 0, queued tasks = 0, completed tasks = 0], sockJsScheduler[pool size = 2, active threads = 1, queued tasks = 0, completed tasks = 1]
2026-06-09T20:36:32.993+05:30  INFO 22500 --- [MessageBroker-2] o.s.w.s.c.WebSocketMessageBrokerStats    : WebSocketSession[0 current WS(0)-HttpStream(0)-HttpPoll(0), 0 total, 0 closed abnormally (0 connect failure, 0 send limit, 0 transport error)], stompSubProtocol[processed CONNECT(0)-CONNECTED(0)-DISCONNECT(0)], stompBrokerRelay[null], inboundChannel[pool size = 0, active threads = 0, queued tasks = 0, completed tasks = 0], outboundChannel[pool size = 0, active threads = 0, queued tasks = 0, completed tasks = 0], sockJsScheduler[pool size = 3, active threads = 1, queued tasks = 0, completed tasks = 2]
2026-06-09T21:06:33.047+05:30  INFO 22500 --- [MessageBroker-1] o.s.w.s.c.WebSocketMessageBrokerStats    : WebSocketSession[0 current WS(0)-HttpStream(0)-HttpPoll(0), 0 total, 0 closed abnormally (0 connect failure, 0 send limit, 0 transport error)], stompSubProtocol[processed CONNECT(0)-CONNECTED(0)-DISCONNECT(0)], stompBrokerRelay[null], inboundChannel[pool size = 0, active threads = 0, queued tasks = 0, completed tasks = 0], outboundChannel[pool size = 0, active threads = 0, queued tasks = 0, completed tasks = 0], sockJsScheduler[pool size = 4, active threads = 1, queued tasks = 0, completed tasks = 3]
2026-06-09T21:25:19.646+05:30  INFO 22500 --- [http-nio-8080-exec-8] c.e.B.multitenancy.filter.TenantFilter   : Host: localhost
2026-06-09T21:25:19.663+05:30  INFO 22500 --- [http-nio-8080-exec-8] c.e.B.multitenancy.filter.TenantFilter   : Subdomain: localhost
2026-06-09T21:25:19.805+05:30  INFO 22500 --- [http-nio-8080-exec-8] .m.r.CurrentTenantIdentifierResolverImpl : Resolved tenant: public
2026-06-09T21:25:20.596+05:30  INFO 22500 --- [http-nio-8080-exec-8] .B.m.c.MultiTenantConnectionProviderImpl : Switching database schema to tenant: public
2026-06-09T21:25:20.829+05:30 ERROR 22500 --- [http-nio-8080-exec-8] o.a.c.c.C.[.[.[/].[dispatcherServlet]    : Servlet.service() for servlet [dispatcherServlet] in context with path [] threw exception

java.lang.RuntimeException: Tenant not found for subdomain: localhost
	at com.example.Backend.multitenancy.filter.TenantFilter.lambda$doFilterInternal$0(TenantFilter.java:75) ~[classes/:na]
	at java.base/java.util.Optional.orElseThrow(Optional.java:403) ~[na:na]
	at com.example.Backend.multitenancy.filter.TenantFilter.doFilterInternal(TenantFilter.java:75) ~[classes/:na]
	at org.springframework.web.filter.OncePerRequestFilter.doFilter(OncePerRequestFilter.java:116) ~[spring-web-6.1.14.jar:6.1.14]
	at org.springframework.security.web.FilterChainProxy$VirtualFilterChain.doFilter(FilterChainProxy.java:374) ~[spring-security-web-6.3.4.jar:6.3.4]
	at org.springframework.security.web.authentication.logout.LogoutFilter.doFilter(LogoutFilter.java:107) ~[spring-security-web-6.3.4.jar:6.3.4]
	at org.springframework.security.web.authentication.logout.LogoutFilter.doFilter(LogoutFilter.java:93) ~[spring-security-web-6.3.4.jar:6.3.4]
	at org.springframework.security.web.FilterChainProxy$VirtualFilterChain.doFilter(FilterChainProxy.java:374) ~[spring-security-web-6.3.4.jar:6.3.4]
	at org.springframework.web.filter.CorsFilter.doFilterInternal(CorsFilter.java:91) ~[spring-web-6.1.14.jar:6.1.14]
	at org.springframework.web.filter.OncePerRequestFilter.doFilter(OncePerRequestFilter.java:116) ~[spring-web-6.1.14.jar:6.1.14]
	at org.springframework.security.web.FilterChainProxy$VirtualFilterChain.doFilter(FilterChainProxy.java:374) ~[spring-security-web-6.3.4.jar:6.3.4]
	at org.springframework.security.web.header.HeaderWriterFilter.doHeadersAfter(HeaderWriterFilter.java:90) ~[spring-security-web-6.3.4.jar:6.3.4]
	at org.springframework.security.web.header.HeaderWriterFilter.doFilterInternal(HeaderWriterFilter.java:75) ~[spring-security-web-6.3.4.jar:6.3.4]
	at org.springframework.web.filter.OncePerRequestFilter.doFilter(OncePerRequestFilter.java:116) ~[spring-web-6.1.14.jar:6.1.14]
	at org.springframework.security.web.FilterChainProxy$VirtualFilterChain.doFilter(FilterChainProxy.java:374) ~[spring-security-web-6.3.4.jar:6.3.4]
	at org.springframework.security.web.context.SecurityContextHolderFilter.doFilter(SecurityContextHolderFilter.java:82) ~[spring-security-web-6.3.4.jar:6.3.4]
	at org.springframework.security.web.context.SecurityContextHolderFilter.doFilter(SecurityContextHolderFilter.java:69) ~[spring-security-web-6.3.4.jar:6.3.4]
	at org.springframework.security.web.FilterChainProxy$VirtualFilterChain.doFilter(FilterChainProxy.java:374) ~[spring-security-web-6.3.4.jar:6.3.4]
	at org.springframework.security.web.context.request.async.WebAsyncManagerIntegrationFilter.doFilterInternal(WebAsyncManagerIntegrationFilter.java:62) ~[spring-security-web-6.3.4.jar:6.3.4]
	at org.springframework.web.filter.OncePerRequestFilter.doFilter(OncePerRequestFilter.java:116) ~[spring-web-6.1.14.jar:6.1.14]
	at org.springframework.security.web.FilterChainProxy$VirtualFilterChain.doFilter(FilterChainProxy.java:374) ~[spring-security-web-6.3.4.jar:6.3.4]
	at org.springframework.security.web.session.DisableEncodeUrlFilter.doFilterInternal(DisableEncodeUrlFilter.java:42) ~[spring-security-web-6.3.4.jar:6.3.4]
	at org.springframework.web.filter.OncePerRequestFilter.doFilter(OncePerRequestFilter.java:116) ~[spring-web-6.1.14.jar:6.1.14]
	at org.springframework.security.web.FilterChainProxy$VirtualFilterChain.doFilter(FilterChainProxy.java:374) ~[spring-security-web-6.3.4.jar:6.3.4]
	at org.springframework.security.web.FilterChainProxy.doFilterInternal(FilterChainProxy.java:233) ~[spring-security-web-6.3.4.jar:6.3.4]
	at org.springframework.security.web.FilterChainProxy.doFilter(FilterChainProxy.java:191) ~[spring-security-web-6.3.4.jar:6.3.4]
	at org.springframework.web.filter.CompositeFilter$VirtualFilterChain.doFilter(CompositeFilter.java:113) ~[spring-web-6.1.14.jar:6.1.14]
	at org.springframework.web.servlet.handler.HandlerMappingIntrospector.lambda$createCacheFilter$3(HandlerMappingIntrospector.java:195) ~[spring-webmvc-6.1.14.jar:6.1.14]
	at org.springframework.web.filter.CompositeFilter$VirtualFilterChain.doFilter(CompositeFilter.java:113) ~[spring-web-6.1.14.jar:6.1.14]
	at org.springframework.web.filter.CompositeFilter.doFilter(CompositeFilter.java:74) ~[spring-web-6.1.14.jar:6.1.14]
	at org.springframework.security.config.annotation.web.configuration.WebMvcSecurityConfiguration$CompositeFilterChainProxy.doFilter(WebMvcSecurityConfiguration.java:230) ~[spring-security-config-6.3.4.jar:6.3.4]
	at org.springframework.web.filter.DelegatingFilterProxy.invokeDelegate(DelegatingFilterProxy.java:362) ~[spring-web-6.1.14.jar:6.1.14]
	at org.springframework.web.filter.DelegatingFilterProxy.doFilter(DelegatingFilterProxy.java:278) ~[spring-web-6.1.14.jar:6.1.14]
	at org.apache.catalina.core.ApplicationFilterChain.internalDoFilter(ApplicationFilterChain.java:164) ~[tomcat-embed-core-10.1.31.jar:10.1.31]
	at org.apache.catalina.core.ApplicationFilterChain.doFilter(ApplicationFilterChain.java:140) ~[tomcat-embed-core-10.1.31.jar:10.1.31]
	at org.springframework.web.filter.RequestContextFilter.doFilterInternal(RequestContextFilter.java:100) ~[spring-web-6.1.14.jar:6.1.14]
	at org.springframework.web.filter.OncePerRequestFilter.doFilter(OncePerRequestFilter.java:116) ~[spring-web-6.1.14.jar:6.1.14]
	at org.apache.catalina.core.ApplicationFilterChain.internalDoFilter(ApplicationFilterChain.java:164) ~[tomcat-embed-core-10.1.31.jar:10.1.31]
	at org.apache.catalina.core.ApplicationFilterChain.doFilter(ApplicationFilterChain.java:140) ~[tomcat-embed-core-10.1.31.jar:10.1.31]
	at org.springframework.web.filter.FormContentFilter.doFilterInternal(FormContentFilter.java:93) ~[spring-web-6.1.14.jar:6.1.14]
	at org.springframework.web.filter.OncePerRequestFilter.doFilter(OncePerRequestFilter.java:116) ~[spring-web-6.1.14.jar:6.1.14]
	at org.apache.catalina.core.ApplicationFilterChain.internalDoFilter(ApplicationFilterChain.java:164) ~[tomcat-embed-core-10.1.31.jar:10.1.31]
	at org.apache.catalina.core.ApplicationFilterChain.doFilter(ApplicationFilterChain.java:140) ~[tomcat-embed-core-10.1.31.jar:10.1.31]
	at org.springframework.web.filter.CharacterEncodingFilter.doFilterInternal(CharacterEncodingFilter.java:201) ~[spring-web-6.1.14.jar:6.1.14]
	at org.springframework.web.filter.OncePerRequestFilter.doFilter(OncePerRequestFilter.java:116) ~[spring-web-6.1.14.jar:6.1.14]
	at org.apache.catalina.core.ApplicationFilterChain.internalDoFilter(ApplicationFilterChain.java:164) ~[tomcat-embed-core-10.1.31.jar:10.1.31]
	at org.apache.catalina.core.ApplicationFilterChain.doFilter(ApplicationFilterChain.java:140) ~[tomcat-embed-core-10.1.31.jar:10.1.31]
	at org.apache.catalina.core.StandardWrapperValve.invoke(StandardWrapperValve.java:167) ~[tomcat-embed-core-10.1.31.jar:10.1.31]
	at org.apache.catalina.core.StandardContextValve.invoke(StandardContextValve.java:90) ~[tomcat-embed-core-10.1.31.jar:10.1.31]
	at org.apache.catalina.authenticator.AuthenticatorBase.invoke(AuthenticatorBase.java:483) ~[tomcat-embed-core-10.1.31.jar:10.1.31]
	at org.apache.catalina.core.StandardHostValve.invoke(StandardHostValve.java:115) ~[tomcat-embed-core-10.1.31.jar:10.1.31]
	at org.apache.catalina.valves.ErrorReportValve.invoke(ErrorReportValve.java:93) ~[tomcat-embed-core-10.1.31.jar:10.1.31]
	at org.apache.catalina.core.StandardEngineValve.invoke(StandardEngineValve.java:74) ~[tomcat-embed-core-10.1.31.jar:10.1.31]
	at org.apache.catalina.connector.CoyoteAdapter.service(CoyoteAdapter.java:344) ~[tomcat-embed-core-10.1.31.jar:10.1.31]
	at org.apache.coyote.http11.Http11Processor.service(Http11Processor.java:384) ~[tomcat-embed-core-10.1.31.jar:10.1.31]
	at org.apache.coyote.AbstractProcessorLight.process(AbstractProcessorLight.java:63) ~[tomcat-embed-core-10.1.31.jar:10.1.31]
	at org.apache.coyote.AbstractProtocol$ConnectionHandler.process(AbstractProtocol.java:905) ~[tomcat-embed-core-10.1.31.jar:10.1.31]
	at org.apache.tomcat.util.net.NioEndpoint$SocketProcessor.doRun(NioEndpoint.java:1741) ~[tomcat-embed-core-10.1.31.jar:10.1.31]
	at org.apache.tomcat.util.net.SocketProcessorBase.run(SocketProcessorBase.java:52) ~[tomcat-embed-core-10.1.31.jar:10.1.31]
	at org.apache.tomcat.util.threads.ThreadPoolExecutor.runWorker(ThreadPoolExecutor.java:1190) ~[tomcat-embed-core-10.1.31.jar:10.1.31]
	at org.apache.tomcat.util.threads.ThreadPoolExecutor$Worker.run(ThreadPoolExecutor.java:659) ~[tomcat-embed-core-10.1.31.jar:10.1.31]
	at org.apache.tomcat.util.threads.TaskThread$WrappingRunnable.run(TaskThread.java:63) ~[tomcat-embed-core-10.1.31.jar:10.1.31]
	at java.base/java.lang.Thread.run(Thread.java:842) ~[na:na]

2026-06-09T21:25:21.016+05:30  WARN 22500 --- [http-nio-8080-exec-8] c.e.Backend.Security.JwtAuthEntryPoint   : Unauthorized access to path: /error
2026-06-09T21:31:12.340+05:30  INFO 16104 --- [main] com.example.Backend.BackendApplication   : Starting BackendApplication using Java 17.0.12 with PID 16104 (D:\Projects\saas\Backend\target\classes started by Admin in D:\Projects\saas\Backend)
2026-06-09T21:31:12.343+05:30  INFO 16104 --- [main] com.example.Backend.BackendApplication   : No active profile set, falling back to 1 default profile: "default"
2026-06-09T21:31:13.696+05:30  INFO 16104 --- [main] .s.d.r.c.RepositoryConfigurationDelegate : Bootstrapping Spring Data JPA repositories in DEFAULT mode.
2026-06-09T21:31:13.823+05:30  INFO 16104 --- [main] .s.d.r.c.RepositoryConfigurationDelegate : Finished Spring Data repository scanning in 114 ms. Found 18 JPA repository interfaces.
2026-06-09T21:31:14.622+05:30  INFO 16104 --- [main] o.s.b.w.embedded.tomcat.TomcatWebServer  : Tomcat initialized with port 8080 (http)
2026-06-09T21:31:14.641+05:30  INFO 16104 --- [main] o.apache.catalina.core.StandardService   : Starting service [Tomcat]
2026-06-09T21:31:14.642+05:30  INFO 16104 --- [main] o.apache.catalina.core.StandardEngine    : Starting Servlet engine: [Apache Tomcat/10.1.31]
2026-06-09T21:31:14.733+05:30  INFO 16104 --- [main] o.a.c.c.C.[Tomcat].[localhost].[/]       : Initializing Spring embedded WebApplicationContext
2026-06-09T21:31:14.734+05:30  INFO 16104 --- [main] w.s.c.ServletWebServerApplicationContext : Root WebApplicationContext: initialization completed in 2297 ms
2026-06-09T21:31:14.940+05:30  INFO 16104 --- [main] o.hibernate.jpa.internal.util.LogHelper  : HHH000204: Processing PersistenceUnitInfo [name: default]
2026-06-09T21:31:15.039+05:30  INFO 16104 --- [main] org.hibernate.Version                    : HHH000412: Hibernate ORM core version 6.5.3.Final
2026-06-09T21:31:15.092+05:30  INFO 16104 --- [main] o.h.c.internal.RegionFactoryInitiator    : HHH000026: Second-level cache disabled
2026-06-09T21:31:15.438+05:30  INFO 16104 --- [main] o.s.o.j.p.SpringPersistenceUnitInfo      : No LoadTimeWeaver setup: ignoring JPA class transformer
2026-06-09T21:31:15.474+05:30  INFO 16104 --- [main] com.zaxxer.hikari.HikariDataSource       : HikariPool-1 - Starting...
2026-06-09T21:31:15.853+05:30  INFO 16104 --- [main] com.zaxxer.hikari.pool.HikariPool        : HikariPool-1 - Added connection org.postgresql.jdbc.PgConnection@6c6379c
2026-06-09T21:31:15.854+05:30  INFO 16104 --- [main] com.zaxxer.hikari.HikariDataSource       : HikariPool-1 - Start completed.
2026-06-09T21:31:15.905+05:30  WARN 16104 --- [main] org.hibernate.orm.deprecation            : HHH90000025: PostgreSQLDialect does not need to be specified explicitly using 'hibernate.dialect' (remove the property setting and it will be selected by default)
2026-06-09T21:31:17.206+05:30  INFO 16104 --- [main] o.h.e.t.j.p.i.JtaPlatformInitiator       : HHH000489: No JTA platform available (set 'hibernate.transaction.jta.platform' to enable JTA platform integration)
2026-06-09T21:31:17.210+05:30  INFO 16104 --- [main] j.LocalContainerEntityManagerFactoryBean : Initialized JPA EntityManagerFactory for persistence unit 'default'
2026-06-09T21:31:17.275+05:30  INFO 16104 --- [main] .m.r.CurrentTenantIdentifierResolverImpl : Resolved tenant: public
2026-06-09T21:31:17.308+05:30  INFO 16104 --- [main] .m.r.CurrentTenantIdentifierResolverImpl : Resolved tenant: public
2026-06-09T21:31:17.383+05:30  INFO 16104 --- [main] .m.r.CurrentTenantIdentifierResolverImpl : Resolved tenant: public
2026-06-09T21:31:17.428+05:30  INFO 16104 --- [main] .m.r.CurrentTenantIdentifierResolverImpl : Resolved tenant: public
2026-06-09T21:31:17.434+05:30  INFO 16104 --- [main] .m.r.CurrentTenantIdentifierResolverImpl : Resolved tenant: public
2026-06-09T21:31:17.485+05:30  INFO 16104 --- [main] .m.r.CurrentTenantIdentifierResolverImpl : Resolved tenant: public
2026-06-09T21:31:17.485+05:30  INFO 16104 --- [main] .m.r.CurrentTenantIdentifierResolverImpl : Resolved tenant: public
2026-06-09T21:31:17.487+05:30  INFO 16104 --- [main] .m.r.CurrentTenantIdentifierResolverImpl : Resolved tenant: public
2026-06-09T21:31:17.487+05:30  INFO 16104 --- [main] .m.r.CurrentTenantIdentifierResolverImpl : Resolved tenant: public
2026-06-09T21:31:17.489+05:30  INFO 16104 --- [main] .m.r.CurrentTenantIdentifierResolverImpl : Resolved tenant: public
2026-06-09T21:31:17.490+05:30  INFO 16104 --- [main] .m.r.CurrentTenantIdentifierResolverImpl : Resolved tenant: public
2026-06-09T21:31:17.493+05:30  INFO 16104 --- [main] .m.r.CurrentTenantIdentifierResolverImpl : Resolved tenant: public
2026-06-09T21:31:17.494+05:30  INFO 16104 --- [main] .m.r.CurrentTenantIdentifierResolverImpl : Resolved tenant: public
2026-06-09T21:31:17.583+05:30  INFO 16104 --- [main] .m.r.CurrentTenantIdentifierResolverImpl : Resolved tenant: public
2026-06-09T21:31:17.592+05:30  INFO 16104 --- [main] .m.r.CurrentTenantIdentifierResolverImpl : Resolved tenant: public
2026-06-09T21:31:17.595+05:30  INFO 16104 --- [main] .m.r.CurrentTenantIdentifierResolverImpl : Resolved tenant: public
2026-06-09T21:31:17.596+05:30  INFO 16104 --- [main] .m.r.CurrentTenantIdentifierResolverImpl : Resolved tenant: public
2026-06-09T21:31:17.599+05:30  INFO 16104 --- [main] .m.r.CurrentTenantIdentifierResolverImpl : Resolved tenant: public
2026-06-09T21:31:17.599+05:30  INFO 16104 --- [main] .m.r.CurrentTenantIdentifierResolverImpl : Resolved tenant: public
2026-06-09T21:31:17.616+05:30  INFO 16104 --- [main] .m.r.CurrentTenantIdentifierResolverImpl : Resolved tenant: public
2026-06-09T21:31:17.618+05:30  INFO 16104 --- [main] .m.r.CurrentTenantIdentifierResolverImpl : Resolved tenant: public
2026-06-09T21:31:17.621+05:30  INFO 16104 --- [main] .m.r.CurrentTenantIdentifierResolverImpl : Resolved tenant: public
2026-06-09T21:31:17.622+05:30  INFO 16104 --- [main] .m.r.CurrentTenantIdentifierResolverImpl : Resolved tenant: public
2026-06-09T21:31:17.631+05:30  INFO 16104 --- [main] .m.r.CurrentTenantIdentifierResolverImpl : Resolved tenant: public
2026-06-09T21:31:17.637+05:30  INFO 16104 --- [main] .m.r.CurrentTenantIdentifierResolverImpl : Resolved tenant: public
2026-06-09T21:31:17.655+05:30  INFO 16104 --- [main] o.s.d.j.r.query.QueryEnhancerFactory     : Hibernate is in classpath; If applicable, HQL parser will be used.
2026-06-09T21:31:17.821+05:30  INFO 16104 --- [main] .m.r.CurrentTenantIdentifierResolverImpl : Resolved tenant: public
2026-06-09T21:31:17.822+05:30  INFO 16104 --- [main] .m.r.CurrentTenantIdentifierResolverImpl : Resolved tenant: public
2026-06-09T21:31:17.825+05:30  INFO 16104 --- [main] .m.r.CurrentTenantIdentifierResolverImpl : Resolved tenant: public
2026-06-09T21:31:18.054+05:30  INFO 16104 --- [main] .m.r.CurrentTenantIdentifierResolverImpl : Resolved tenant: public
2026-06-09T21:31:18.054+05:30  INFO 16104 --- [main] .m.r.CurrentTenantIdentifierResolverImpl : Resolved tenant: public
2026-06-09T21:31:18.056+05:30  INFO 16104 --- [main] .m.r.CurrentTenantIdentifierResolverImpl : Resolved tenant: public
2026-06-09T21:31:18.058+05:30  INFO 16104 --- [main] .m.r.CurrentTenantIdentifierResolverImpl : Resolved tenant: public
2026-06-09T21:31:18.059+05:30  INFO 16104 --- [main] .m.r.CurrentTenantIdentifierResolverImpl : Resolved tenant: public
2026-06-09T21:31:18.066+05:30  INFO 16104 --- [main] .m.r.CurrentTenantIdentifierResolverImpl : Resolved tenant: public
2026-06-09T21:31:18.067+05:30  INFO 16104 --- [main] .m.r.CurrentTenantIdentifierResolverImpl : Resolved tenant: public
2026-06-09T21:31:18.068+05:30  INFO 16104 --- [main] .m.r.CurrentTenantIdentifierResolverImpl : Resolved tenant: public
2026-06-09T21:31:18.077+05:30  INFO 16104 --- [main] .m.r.CurrentTenantIdentifierResolverImpl : Resolved tenant: public
2026-06-09T21:31:18.078+05:30  INFO 16104 --- [main] .m.r.CurrentTenantIdentifierResolverImpl : Resolved tenant: public
2026-06-09T21:31:18.080+05:30  INFO 16104 --- [main] .m.r.CurrentTenantIdentifierResolverImpl : Resolved tenant: public
2026-06-09T21:31:18.097+05:30  INFO 16104 --- [main] .m.r.CurrentTenantIdentifierResolverImpl : Resolved tenant: public
2026-06-09T21:31:18.101+05:30  INFO 16104 --- [main] .m.r.CurrentTenantIdentifierResolverImpl : Resolved tenant: public
2026-06-09T21:31:18.110+05:30  INFO 16104 --- [main] .m.r.CurrentTenantIdentifierResolverImpl : Resolved tenant: public
2026-06-09T21:31:18.119+05:30  INFO 16104 --- [main] .m.r.CurrentTenantIdentifierResolverImpl : Resolved tenant: public
2026-06-09T21:31:18.121+05:30  INFO 16104 --- [main] .m.r.CurrentTenantIdentifierResolverImpl : Resolved tenant: public
2026-06-09T21:31:18.122+05:30  INFO 16104 --- [main] .m.r.CurrentTenantIdentifierResolverImpl : Resolved tenant: public
2026-06-09T21:31:18.240+05:30  INFO 16104 --- [main] .m.r.CurrentTenantIdentifierResolverImpl : Resolved tenant: public
2026-06-09T21:31:18.251+05:30  INFO 16104 --- [main] .m.r.CurrentTenantIdentifierResolverImpl : Resolved tenant: public
2026-06-09T21:31:18.254+05:30  INFO 16104 --- [main] .m.r.CurrentTenantIdentifierResolverImpl : Resolved tenant: public
2026-06-09T21:31:18.256+05:30  INFO 16104 --- [main] .m.r.CurrentTenantIdentifierResolverImpl : Resolved tenant: public
2026-06-09T21:31:18.258+05:30  INFO 16104 --- [main] .m.r.CurrentTenantIdentifierResolverImpl : Resolved tenant: public
2026-06-09T21:31:18.259+05:30  INFO 16104 --- [main] .m.r.CurrentTenantIdentifierResolverImpl : Resolved tenant: public
2026-06-09T21:31:18.261+05:30  INFO 16104 --- [main] .m.r.CurrentTenantIdentifierResolverImpl : Resolved tenant: public
2026-06-09T21:31:18.262+05:30  INFO 16104 --- [main] .m.r.CurrentTenantIdentifierResolverImpl : Resolved tenant: public
2026-06-09T21:31:18.270+05:30  INFO 16104 --- [main] .m.r.CurrentTenantIdentifierResolverImpl : Resolved tenant: public
2026-06-09T21:31:18.271+05:30  INFO 16104 --- [main] .m.r.CurrentTenantIdentifierResolverImpl : Resolved tenant: public
2026-06-09T21:31:18.273+05:30  INFO 16104 --- [main] .m.r.CurrentTenantIdentifierResolverImpl : Resolved tenant: public
2026-06-09T21:31:18.274+05:30  INFO 16104 --- [main] .m.r.CurrentTenantIdentifierResolverImpl : Resolved tenant: public
2026-06-09T21:31:18.282+05:30  INFO 16104 --- [main] .m.r.CurrentTenantIdentifierResolverImpl : Resolved tenant: public
2026-06-09T21:31:18.284+05:30  INFO 16104 --- [main] .m.r.CurrentTenantIdentifierResolverImpl : Resolved tenant: public
2026-06-09T21:31:18.286+05:30  INFO 16104 --- [main] .m.r.CurrentTenantIdentifierResolverImpl : Resolved tenant: public
2026-06-09T21:31:18.287+05:30  INFO 16104 --- [main] .m.r.CurrentTenantIdentifierResolverImpl : Resolved tenant: public
2026-06-09T21:31:18.288+05:30  INFO 16104 --- [main] .m.r.CurrentTenantIdentifierResolverImpl : Resolved tenant: public
2026-06-09T21:31:18.289+05:30  INFO 16104 --- [main] .m.r.CurrentTenantIdentifierResolverImpl : Resolved tenant: public
2026-06-09T21:31:18.300+05:30  INFO 16104 --- [main] .m.r.CurrentTenantIdentifierResolverImpl : Resolved tenant: public
2026-06-09T21:31:18.301+05:30  INFO 16104 --- [main] .m.r.CurrentTenantIdentifierResolverImpl : Resolved tenant: public
2026-06-09T21:31:18.303+05:30  INFO 16104 --- [main] .m.r.CurrentTenantIdentifierResolverImpl : Resolved tenant: public
2026-06-09T21:31:18.303+05:30  INFO 16104 --- [main] .m.r.CurrentTenantIdentifierResolverImpl : Resolved tenant: public
2026-06-09T21:31:18.323+05:30  INFO 16104 --- [main] .m.r.CurrentTenantIdentifierResolverImpl : Resolved tenant: public
2026-06-09T21:31:18.330+05:30  INFO 16104 --- [main] .m.r.CurrentTenantIdentifierResolverImpl : Resolved tenant: public
2026-06-09T21:31:18.363+05:30  INFO 16104 --- [main] .m.r.CurrentTenantIdentifierResolverImpl : Resolved tenant: public
2026-06-09T21:31:18.364+05:30  INFO 16104 --- [main] .m.r.CurrentTenantIdentifierResolverImpl : Resolved tenant: public
2026-06-09T21:31:18.367+05:30  INFO 16104 --- [main] .m.r.CurrentTenantIdentifierResolverImpl : Resolved tenant: public
2026-06-09T21:31:18.494+05:30  INFO 16104 --- [main] .m.r.CurrentTenantIdentifierResolverImpl : Resolved tenant: public
2026-06-09T21:31:18.495+05:30  INFO 16104 --- [main] .m.r.CurrentTenantIdentifierResolverImpl : Resolved tenant: public
2026-06-09T21:31:18.498+05:30  INFO 16104 --- [main] .m.r.CurrentTenantIdentifierResolverImpl : Resolved tenant: public
2026-06-09T21:31:18.506+05:30  INFO 16104 --- [main] .m.r.CurrentTenantIdentifierResolverImpl : Resolved tenant: public
2026-06-09T21:31:18.507+05:30  INFO 16104 --- [main] .m.r.CurrentTenantIdentifierResolverImpl : Resolved tenant: public
2026-06-09T21:31:18.510+05:30  INFO 16104 --- [main] .m.r.CurrentTenantIdentifierResolverImpl : Resolved tenant: public
2026-06-09T21:31:18.516+05:30  INFO 16104 --- [main] .m.r.CurrentTenantIdentifierResolverImpl : Resolved tenant: public
2026-06-09T21:31:18.517+05:30  INFO 16104 --- [main] .m.r.CurrentTenantIdentifierResolverImpl : Resolved tenant: public
2026-06-09T21:31:18.519+05:30  INFO 16104 --- [main] .m.r.CurrentTenantIdentifierResolverImpl : Resolved tenant: public
2026-06-09T21:31:18.521+05:30  INFO 16104 --- [main] .m.r.CurrentTenantIdentifierResolverImpl : Resolved tenant: public
2026-06-09T21:31:18.522+05:30  INFO 16104 --- [main] .m.r.CurrentTenantIdentifierResolverImpl : Resolved tenant: public
2026-06-09T21:31:18.525+05:30  INFO 16104 --- [main] .m.r.CurrentTenantIdentifierResolverImpl : Resolved tenant: public
2026-06-09T21:31:18.526+05:30  INFO 16104 --- [main] .m.r.CurrentTenantIdentifierResolverImpl : Resolved tenant: public
2026-06-09T21:31:18.530+05:30  INFO 16104 --- [main] .m.r.CurrentTenantIdentifierResolverImpl : Resolved tenant: public
2026-06-09T21:31:18.531+05:30  INFO 16104 --- [main] .m.r.CurrentTenantIdentifierResolverImpl : Resolved tenant: public
2026-06-09T21:31:18.536+05:30  INFO 16104 --- [main] .m.r.CurrentTenantIdentifierResolverImpl : Resolved tenant: public
2026-06-09T21:31:18.537+05:30  INFO 16104 --- [main] .m.r.CurrentTenantIdentifierResolverImpl : Resolved tenant: public
2026-06-09T21:31:18.539+05:30  INFO 16104 --- [main] .m.r.CurrentTenantIdentifierResolverImpl : Resolved tenant: public
2026-06-09T21:31:18.558+05:30  INFO 16104 --- [main] .m.r.CurrentTenantIdentifierResolverImpl : Resolved tenant: public
2026-06-09T21:31:18.559+05:30  INFO 16104 --- [main] .m.r.CurrentTenantIdentifierResolverImpl : Resolved tenant: public
2026-06-09T21:31:18.562+05:30  INFO 16104 --- [main] .m.r.CurrentTenantIdentifierResolverImpl : Resolved tenant: public
2026-06-09T21:31:18.575+05:30  INFO 16104 --- [main] .m.r.CurrentTenantIdentifierResolverImpl : Resolved tenant: public
2026-06-09T21:31:18.578+05:30  INFO 16104 --- [main] .m.r.CurrentTenantIdentifierResolverImpl : Resolved tenant: public
2026-06-09T21:31:18.580+05:30  INFO 16104 --- [main] .m.r.CurrentTenantIdentifierResolverImpl : Resolved tenant: public
2026-06-09T21:31:18.601+05:30  INFO 16104 --- [main] .m.r.CurrentTenantIdentifierResolverImpl : Resolved tenant: public
2026-06-09T21:31:18.603+05:30  INFO 16104 --- [main] .m.r.CurrentTenantIdentifierResolverImpl : Resolved tenant: public
2026-06-09T21:31:18.605+05:30  INFO 16104 --- [main] .m.r.CurrentTenantIdentifierResolverImpl : Resolved tenant: public
2026-06-09T21:31:18.611+05:30  INFO 16104 --- [main] .m.r.CurrentTenantIdentifierResolverImpl : Resolved tenant: public
2026-06-09T21:31:18.612+05:30  INFO 16104 --- [main] .m.r.CurrentTenantIdentifierResolverImpl : Resolved tenant: public
2026-06-09T21:31:18.614+05:30  INFO 16104 --- [main] .m.r.CurrentTenantIdentifierResolverImpl : Resolved tenant: public
2026-06-09T21:31:18.620+05:30  INFO 16104 --- [main] .m.r.CurrentTenantIdentifierResolverImpl : Resolved tenant: public
2026-06-09T21:31:18.621+05:30  INFO 16104 --- [main] .m.r.CurrentTenantIdentifierResolverImpl : Resolved tenant: public
2026-06-09T21:31:18.626+05:30  INFO 16104 --- [main] .m.r.CurrentTenantIdentifierResolverImpl : Resolved tenant: public
2026-06-09T21:31:18.630+05:30  INFO 16104 --- [main] .m.r.CurrentTenantIdentifierResolverImpl : Resolved tenant: public
2026-06-09T21:31:18.632+05:30  INFO 16104 --- [main] .m.r.CurrentTenantIdentifierResolverImpl : Resolved tenant: public
2026-06-09T21:31:18.637+05:30  INFO 16104 --- [main] .m.r.CurrentTenantIdentifierResolverImpl : Resolved tenant: public
2026-06-09T21:31:18.638+05:30  INFO 16104 --- [main] .m.r.CurrentTenantIdentifierResolverImpl : Resolved tenant: public
2026-06-09T21:31:18.653+05:30  INFO 16104 --- [main] .m.r.CurrentTenantIdentifierResolverImpl : Resolved tenant: public
2026-06-09T21:31:18.660+05:30  INFO 16104 --- [main] .m.r.CurrentTenantIdentifierResolverImpl : Resolved tenant: public
2026-06-09T21:31:18.665+05:30  INFO 16104 --- [main] .m.r.CurrentTenantIdentifierResolverImpl : Resolved tenant: public
2026-06-09T21:31:18.667+05:30  INFO 16104 --- [main] .m.r.CurrentTenantIdentifierResolverImpl : Resolved tenant: public
2026-06-09T21:31:18.689+05:30  INFO 16104 --- [main] .m.r.CurrentTenantIdentifierResolverImpl : Resolved tenant: public
2026-06-09T21:31:18.690+05:30  INFO 16104 --- [main] .m.r.CurrentTenantIdentifierResolverImpl : Resolved tenant: public
2026-06-09T21:31:18.693+05:30  INFO 16104 --- [main] .m.r.CurrentTenantIdentifierResolverImpl : Resolved tenant: public
2026-06-09T21:31:18.707+05:30  INFO 16104 --- [main] .m.r.CurrentTenantIdentifierResolverImpl : Resolved tenant: public
2026-06-09T21:31:18.708+05:30  INFO 16104 --- [main] .m.r.CurrentTenantIdentifierResolverImpl : Resolved tenant: public
2026-06-09T21:31:18.709+05:30  INFO 16104 --- [main] .m.r.CurrentTenantIdentifierResolverImpl : Resolved tenant: public
2026-06-09T21:31:18.717+05:30  INFO 16104 --- [main] .m.r.CurrentTenantIdentifierResolverImpl : Resolved tenant: public
2026-06-09T21:31:18.718+05:30  INFO 16104 --- [main] .m.r.CurrentTenantIdentifierResolverImpl : Resolved tenant: public
2026-06-09T21:31:18.719+05:30  INFO 16104 --- [main] .m.r.CurrentTenantIdentifierResolverImpl : Resolved tenant: public
2026-06-09T21:31:18.722+05:30  INFO 16104 --- [main] .m.r.CurrentTenantIdentifierResolverImpl : Resolved tenant: public
2026-06-09T21:31:18.723+05:30  INFO 16104 --- [main] .m.r.CurrentTenantIdentifierResolverImpl : Resolved tenant: public
2026-06-09T21:31:18.725+05:30  INFO 16104 --- [main] .m.r.CurrentTenantIdentifierResolverImpl : Resolved tenant: public
2026-06-09T21:31:18.730+05:30  INFO 16104 --- [main] .m.r.CurrentTenantIdentifierResolverImpl : Resolved tenant: public
2026-06-09T21:31:18.731+05:30  INFO 16104 --- [main] .m.r.CurrentTenantIdentifierResolverImpl : Resolved tenant: public
2026-06-09T21:31:18.733+05:30  INFO 16104 --- [main] .m.r.CurrentTenantIdentifierResolverImpl : Resolved tenant: public
2026-06-09T21:31:18.736+05:30  INFO 16104 --- [main] .m.r.CurrentTenantIdentifierResolverImpl : Resolved tenant: public
2026-06-09T21:31:18.737+05:30  INFO 16104 --- [main] .m.r.CurrentTenantIdentifierResolverImpl : Resolved tenant: public
2026-06-09T21:31:18.739+05:30  INFO 16104 --- [main] .m.r.CurrentTenantIdentifierResolverImpl : Resolved tenant: public
2026-06-09T21:31:18.742+05:30  INFO 16104 --- [main] .m.r.CurrentTenantIdentifierResolverImpl : Resolved tenant: public
2026-06-09T21:31:18.743+05:30  INFO 16104 --- [main] .m.r.CurrentTenantIdentifierResolverImpl : Resolved tenant: public
2026-06-09T21:31:18.746+05:30  INFO 16104 --- [main] .m.r.CurrentTenantIdentifierResolverImpl : Resolved tenant: public
2026-06-09T21:31:18.757+05:30  INFO 16104 --- [main] .m.r.CurrentTenantIdentifierResolverImpl : Resolved tenant: public
2026-06-09T21:31:18.758+05:30  INFO 16104 --- [main] .m.r.CurrentTenantIdentifierResolverImpl : Resolved tenant: public
2026-06-09T21:31:18.759+05:30  INFO 16104 --- [main] .m.r.CurrentTenantIdentifierResolverImpl : Resolved tenant: public
2026-06-09T21:31:18.764+05:30  INFO 16104 --- [main] .m.r.CurrentTenantIdentifierResolverImpl : Resolved tenant: public
2026-06-09T21:31:18.764+05:30  INFO 16104 --- [main] .m.r.CurrentTenantIdentifierResolverImpl : Resolved tenant: public
2026-06-09T21:31:18.766+05:30  INFO 16104 --- [main] .m.r.CurrentTenantIdentifierResolverImpl : Resolved tenant: public
2026-06-09T21:31:18.769+05:30  INFO 16104 --- [main] .m.r.CurrentTenantIdentifierResolverImpl : Resolved tenant: public
2026-06-09T21:31:18.770+05:30  INFO 16104 --- [main] .m.r.CurrentTenantIdentifierResolverImpl : Resolved tenant: public
2026-06-09T21:31:18.773+05:30  INFO 16104 --- [main] .m.r.CurrentTenantIdentifierResolverImpl : Resolved tenant: public
2026-06-09T21:31:18.775+05:30  INFO 16104 --- [main] .m.r.CurrentTenantIdentifierResolverImpl : Resolved tenant: public
2026-06-09T21:31:18.839+05:30  INFO 16104 --- [main] .m.r.CurrentTenantIdentifierResolverImpl : Resolved tenant: public
2026-06-09T21:31:18.891+05:30  INFO 16104 --- [main] .m.r.CurrentTenantIdentifierResolverImpl : Resolved tenant: public
2026-06-09T21:31:18.905+05:30  INFO 16104 --- [main] .m.r.CurrentTenantIdentifierResolverImpl : Resolved tenant: public
2026-06-09T21:31:18.909+05:30  INFO 16104 --- [main] .m.r.CurrentTenantIdentifierResolverImpl : Resolved tenant: public
2026-06-09T21:31:18.942+05:30  INFO 16104 --- [main] .m.r.CurrentTenantIdentifierResolverImpl : Resolved tenant: public
2026-06-09T21:31:18.946+05:30  INFO 16104 --- [main] .m.r.CurrentTenantIdentifierResolverImpl : Resolved tenant: public
2026-06-09T21:31:18.959+05:30  INFO 16104 --- [main] .m.r.CurrentTenantIdentifierResolverImpl : Resolved tenant: public
2026-06-09T21:31:18.966+05:30  INFO 16104 --- [main] .m.r.CurrentTenantIdentifierResolverImpl : Resolved tenant: public
2026-06-09T21:31:18.988+05:30  INFO 16104 --- [main] .m.r.CurrentTenantIdentifierResolverImpl : Resolved tenant: public
2026-06-09T21:31:18.992+05:30  INFO 16104 --- [main] .m.r.CurrentTenantIdentifierResolverImpl : Resolved tenant: public
2026-06-09T21:31:18.996+05:30  INFO 16104 --- [main] .m.r.CurrentTenantIdentifierResolverImpl : Resolved tenant: public
2026-06-09T21:31:18.997+05:30  INFO 16104 --- [main] .m.r.CurrentTenantIdentifierResolverImpl : Resolved tenant: public
2026-06-09T21:31:19.000+05:30  INFO 16104 --- [main] .m.r.CurrentTenantIdentifierResolverImpl : Resolved tenant: public
2026-06-09T21:31:19.000+05:30  INFO 16104 --- [main] .m.r.CurrentTenantIdentifierResolverImpl : Resolved tenant: public
2026-06-09T21:31:19.028+05:30  INFO 16104 --- [main] .m.r.CurrentTenantIdentifierResolverImpl : Resolved tenant: public
2026-06-09T21:31:19.034+05:30  INFO 16104 --- [main] .m.r.CurrentTenantIdentifierResolverImpl : Resolved tenant: public
2026-06-09T21:31:19.125+05:30  INFO 16104 --- [main] c.e.Backend.payment.PaymentService       : PaymentService initialized for key id: rzp_test_SutuJ4LOVKGUJP
2026-06-09T21:31:19.183+05:30  WARN 16104 --- [main] JpaBaseConfiguration$JpaWebConfiguration : spring.jpa.open-in-view is enabled by default. Therefore, database queries may be performed during view rendering. Explicitly configure spring.jpa.open-in-view to disable this warning
2026-06-09T21:31:19.213+05:30  INFO 16104 --- [main] r$InitializeUserDetailsManagerConfigurer : Global AuthenticationManager configured with UserDetailsService bean with name customUserDetailsService
2026-06-09T21:31:19.567+05:30  INFO 16104 --- [main] c.e.B.Configuration.SecurityConfig       : Security filter chain configured
2026-06-09T21:31:19.813+05:30  INFO 16104 --- [main] .m.r.CurrentTenantIdentifierResolverImpl : Resolved tenant: public
2026-06-09T21:31:19.814+05:30  INFO 16104 --- [main] .m.r.CurrentTenantIdentifierResolverImpl : Resolved tenant: public
2026-06-09T21:31:19.986+05:30  INFO 16104 --- [main] o.s.b.w.embedded.tomcat.TomcatWebServer  : Tomcat started on port 8080 (http) with context path '/'
2026-06-09T21:31:19.988+05:30  INFO 16104 --- [main] o.s.m.s.b.SimpleBrokerMessageHandler     : Starting...
2026-06-09T21:31:19.989+05:30  INFO 16104 --- [main] o.s.m.s.b.SimpleBrokerMessageHandler     : BrokerAvailabilityEvent[available=true, SimpleBrokerMessageHandler [org.springframework.messaging.simp.broker.DefaultSubscriptionRegistry@a983f06]]
2026-06-09T21:31:19.990+05:30  INFO 16104 --- [main] o.s.m.s.b.SimpleBrokerMessageHandler     : Started.
2026-06-09T21:31:20.002+05:30  INFO 16104 --- [main] com.example.Backend.BackendApplication   : Started BackendApplication in 8.163 seconds (process running for 8.513)
2026-06-09T21:31:24.075+05:30  INFO 16104 --- [http-nio-8080-exec-3] o.a.c.c.C.[Tomcat].[localhost].[/]       : Initializing Spring DispatcherServlet 'dispatcherServlet'
2026-06-09T21:31:24.075+05:30  INFO 16104 --- [http-nio-8080-exec-3] o.s.web.servlet.DispatcherServlet        : Initializing Servlet 'dispatcherServlet'
2026-06-09T21:31:24.077+05:30  INFO 16104 --- [http-nio-8080-exec-3] o.s.web.servlet.DispatcherServlet        : Completed initialization in 2 ms
2026-06-09T21:31:24.123+05:30  INFO 16104 --- [http-nio-8080-exec-3] .m.r.CurrentTenantIdentifierResolverImpl : Resolved tenant: public
2026-06-09T21:31:24.303+05:30  INFO 16104 --- [http-nio-8080-exec-3] .B.m.c.MultiTenantConnectionProviderImpl : Switching database schema to tenant: public
2026-06-09T21:32:19.985+05:30  INFO 16104 --- [MessageBroker-1] o.s.w.s.c.WebSocketMessageBrokerStats    : WebSocketSession[0 current WS(0)-HttpStream(0)-HttpPoll(0), 0 total, 0 closed abnormally (0 connect failure, 0 send limit, 0 transport error)], stompSubProtocol[processed CONNECT(0)-CONNECTED(0)-DISCONNECT(0)], stompBrokerRelay[null], inboundChannel[pool size = 0, active threads = 0, queued tasks = 0, completed tasks = 0], outboundChannel[pool size = 0, active threads = 0, queued tasks = 0, completed tasks = 0], sockJsScheduler[pool size = 1, active threads = 1, queued tasks = 0, completed tasks = 0]
2026-06-09T21:32:36.206+05:30  INFO 16104 --- [http-nio-8080-exec-2] .m.r.CurrentTenantIdentifierResolverImpl : Resolved tenant: public
2026-06-09T21:32:36.276+05:30  INFO 16104 --- [http-nio-8080-exec-2] .B.m.c.MultiTenantConnectionProviderImpl : Switching database schema to tenant: public
2026-06-09T21:39:31.209+05:30  INFO 16104 --- [http-nio-8080-exec-6] .m.r.CurrentTenantIdentifierResolverImpl : Resolved tenant: public
2026-06-09T21:39:32.142+05:30  INFO 16104 --- [http-nio-8080-exec-6] .B.m.c.MultiTenantConnectionProviderImpl : Switching database schema to tenant: public
2026-06-09T21:39:33.353+05:30  INFO 16104 --- [http-nio-8080-exec-6] org.flywaydb.core.FlywayExecutor         : Database: jdbc:postgresql://localhost:5432/saas_pos (PostgreSQL 16.14)
2026-06-09T21:39:33.699+05:30  INFO 16104 --- [http-nio-8080-exec-6] o.f.c.i.s.JdbcTableSchemaHistory         : Schema history table "tenant_vsjuice_sg"."flyway_schema_history" does not exist yet
2026-06-09T21:39:33.725+05:30  INFO 16104 --- [http-nio-8080-exec-6] o.f.core.internal.command.DbValidate     : Successfully validated 3 migrations (execution time 00:00.129s)
2026-06-09T21:39:33.789+05:30  INFO 16104 --- [http-nio-8080-exec-6] o.f.c.i.s.JdbcTableSchemaHistory         : Creating Schema History table "tenant_vsjuice_sg"."flyway_schema_history" ...
2026-06-09T21:39:33.945+05:30  INFO 16104 --- [http-nio-8080-exec-6] o.f.core.internal.command.DbMigrate      : Current version of schema "tenant_vsjuice_sg": << Empty Schema >>
2026-06-09T21:39:34.045+05:30  INFO 16104 --- [http-nio-8080-exec-6] o.f.core.internal.command.DbMigrate      : Migrating schema "tenant_vsjuice_sg" to version "1 - init tables"
2026-06-09T21:39:34.329+05:30  INFO 16104 --- [http-nio-8080-exec-6] o.f.core.internal.command.DbMigrate      : Migrating schema "tenant_vsjuice_sg" to version "2 - create ordering tables"
2026-06-09T21:39:34.446+05:30  INFO 16104 --- [http-nio-8080-exec-6] o.f.core.internal.command.DbMigrate      : Migrating schema "tenant_vsjuice_sg" to version "3 - customer display"
2026-06-09T21:39:34.517+05:30  INFO 16104 --- [http-nio-8080-exec-6] o.f.core.internal.command.DbMigrate      : Successfully applied 3 migrations to schema "tenant_vsjuice_sg", now at version v3 (execution time 00:00.370s)
2026-06-09T21:40:42.065+05:30  INFO 2716 --- [main] com.example.Backend.BackendApplication   : Starting BackendApplication using Java 17.0.12 with PID 2716 (D:\Projects\saas\Backend\target\classes started by Admin in D:\Projects\saas\Backend)
2026-06-09T21:40:42.068+05:30  INFO 2716 --- [main] com.example.Backend.BackendApplication   : No active profile set, falling back to 1 default profile: "default"
2026-06-09T21:40:43.154+05:30  INFO 2716 --- [main] .s.d.r.c.RepositoryConfigurationDelegate : Bootstrapping Spring Data JPA repositories in DEFAULT mode.
2026-06-09T21:40:43.278+05:30  INFO 2716 --- [main] .s.d.r.c.RepositoryConfigurationDelegate : Finished Spring Data repository scanning in 115 ms. Found 18 JPA repository interfaces.
2026-06-09T21:40:44.140+05:30  INFO 2716 --- [main] o.s.b.w.embedded.tomcat.TomcatWebServer  : Tomcat initialized with port 8080 (http)
2026-06-09T21:40:44.152+05:30  INFO 2716 --- [main] o.apache.catalina.core.StandardService   : Starting service [Tomcat]
2026-06-09T21:40:44.153+05:30  INFO 2716 --- [main] o.apache.catalina.core.StandardEngine    : Starting Servlet engine: [Apache Tomcat/10.1.31]
2026-06-09T21:40:44.219+05:30  INFO 2716 --- [main] o.a.c.c.C.[Tomcat].[localhost].[/]       : Initializing Spring embedded WebApplicationContext
2026-06-09T21:40:44.220+05:30  INFO 2716 --- [main] w.s.c.ServletWebServerApplicationContext : Root WebApplicationContext: initialization completed in 2108 ms
2026-06-09T21:40:44.397+05:30  INFO 2716 --- [main] o.hibernate.jpa.internal.util.LogHelper  : HHH000204: Processing PersistenceUnitInfo [name: default]
2026-06-09T21:40:44.490+05:30  INFO 2716 --- [main] org.hibernate.Version                    : HHH000412: Hibernate ORM core version 6.5.3.Final
2026-06-09T21:40:44.537+05:30  INFO 2716 --- [main] o.h.c.internal.RegionFactoryInitiator    : HHH000026: Second-level cache disabled
2026-06-09T21:40:44.870+05:30  INFO 2716 --- [main] o.s.o.j.p.SpringPersistenceUnitInfo      : No LoadTimeWeaver setup: ignoring JPA class transformer
2026-06-09T21:40:44.906+05:30  INFO 2716 --- [main] com.zaxxer.hikari.HikariDataSource       : HikariPool-1 - Starting...
2026-06-09T21:40:45.293+05:30  INFO 2716 --- [main] com.zaxxer.hikari.pool.HikariPool        : HikariPool-1 - Added connection org.postgresql.jdbc.PgConnection@40fe8fd5
2026-06-09T21:40:45.295+05:30  INFO 2716 --- [main] com.zaxxer.hikari.HikariDataSource       : HikariPool-1 - Start completed.
2026-06-09T21:40:45.338+05:30  WARN 2716 --- [main] org.hibernate.orm.deprecation            : HHH90000025: PostgreSQLDialect does not need to be specified explicitly using 'hibernate.dialect' (remove the property setting and it will be selected by default)
2026-06-09T21:40:46.606+05:30  INFO 2716 --- [main] o.h.e.t.j.p.i.JtaPlatformInitiator       : HHH000489: No JTA platform available (set 'hibernate.transaction.jta.platform' to enable JTA platform integration)
2026-06-09T21:40:46.609+05:30  INFO 2716 --- [main] j.LocalContainerEntityManagerFactoryBean : Initialized JPA EntityManagerFactory for persistence unit 'default'
2026-06-09T21:40:46.681+05:30  INFO 2716 --- [main] .m.r.CurrentTenantIdentifierResolverImpl : Resolved tenant: public
2026-06-09T21:40:46.713+05:30  INFO 2716 --- [main] .m.r.CurrentTenantIdentifierResolverImpl : Resolved tenant: public
2026-06-09T21:40:46.780+05:30  INFO 2716 --- [main] .m.r.CurrentTenantIdentifierResolverImpl : Resolved tenant: public
2026-06-09T21:40:46.837+05:30  INFO 2716 --- [main] .m.r.CurrentTenantIdentifierResolverImpl : Resolved tenant: public
2026-06-09T21:40:46.843+05:30  INFO 2716 --- [main] .m.r.CurrentTenantIdentifierResolverImpl : Resolved tenant: public
2026-06-09T21:40:46.898+05:30  INFO 2716 --- [main] .m.r.CurrentTenantIdentifierResolverImpl : Resolved tenant: public
2026-06-09T21:40:46.898+05:30  INFO 2716 --- [main] .m.r.CurrentTenantIdentifierResolverImpl : Resolved tenant: public
2026-06-09T21:40:46.900+05:30  INFO 2716 --- [main] .m.r.CurrentTenantIdentifierResolverImpl : Resolved tenant: public
2026-06-09T21:40:46.900+05:30  INFO 2716 --- [main] .m.r.CurrentTenantIdentifierResolverImpl : Resolved tenant: public
2026-06-09T21:40:46.902+05:30  INFO 2716 --- [main] .m.r.CurrentTenantIdentifierResolverImpl : Resolved tenant: public
2026-06-09T21:40:46.903+05:30  INFO 2716 --- [main] .m.r.CurrentTenantIdentifierResolverImpl : Resolved tenant: public
2026-06-09T21:40:46.907+05:30  INFO 2716 --- [main] .m.r.CurrentTenantIdentifierResolverImpl : Resolved tenant: public
2026-06-09T21:40:46.908+05:30  INFO 2716 --- [main] .m.r.CurrentTenantIdentifierResolverImpl : Resolved tenant: public
2026-06-09T21:40:47.003+05:30  INFO 2716 --- [main] .m.r.CurrentTenantIdentifierResolverImpl : Resolved tenant: public
2026-06-09T21:40:47.014+05:30  INFO 2716 --- [main] .m.r.CurrentTenantIdentifierResolverImpl : Resolved tenant: public
2026-06-09T21:40:47.018+05:30  INFO 2716 --- [main] .m.r.CurrentTenantIdentifierResolverImpl : Resolved tenant: public
2026-06-09T21:40:47.020+05:30  INFO 2716 --- [main] .m.r.CurrentTenantIdentifierResolverImpl : Resolved tenant: public
2026-06-09T21:40:47.022+05:30  INFO 2716 --- [main] .m.r.CurrentTenantIdentifierResolverImpl : Resolved tenant: public
2026-06-09T21:40:47.023+05:30  INFO 2716 --- [main] .m.r.CurrentTenantIdentifierResolverImpl : Resolved tenant: public
2026-06-09T21:40:47.044+05:30  INFO 2716 --- [main] .m.r.CurrentTenantIdentifierResolverImpl : Resolved tenant: public
2026-06-09T21:40:47.046+05:30  INFO 2716 --- [main] .m.r.CurrentTenantIdentifierResolverImpl : Resolved tenant: public
2026-06-09T21:40:47.050+05:30  INFO 2716 --- [main] .m.r.CurrentTenantIdentifierResolverImpl : Resolved tenant: public
2026-06-09T21:40:47.051+05:30  INFO 2716 --- [main] .m.r.CurrentTenantIdentifierResolverImpl : Resolved tenant: public
2026-06-09T21:40:47.060+05:30  INFO 2716 --- [main] .m.r.CurrentTenantIdentifierResolverImpl : Resolved tenant: public
2026-06-09T21:40:47.069+05:30  INFO 2716 --- [main] .m.r.CurrentTenantIdentifierResolverImpl : Resolved tenant: public
2026-06-09T21:40:47.086+05:30  INFO 2716 --- [main] o.s.d.j.r.query.QueryEnhancerFactory     : Hibernate is in classpath; If applicable, HQL parser will be used.
2026-06-09T21:40:47.303+05:30  INFO 2716 --- [main] .m.r.CurrentTenantIdentifierResolverImpl : Resolved tenant: public
2026-06-09T21:40:47.304+05:30  INFO 2716 --- [main] .m.r.CurrentTenantIdentifierResolverImpl : Resolved tenant: public
2026-06-09T21:40:47.309+05:30  INFO 2716 --- [main] .m.r.CurrentTenantIdentifierResolverImpl : Resolved tenant: public
2026-06-09T21:40:47.592+05:30  INFO 2716 --- [main] .m.r.CurrentTenantIdentifierResolverImpl : Resolved tenant: public
2026-06-09T21:40:47.593+05:30  INFO 2716 --- [main] .m.r.CurrentTenantIdentifierResolverImpl : Resolved tenant: public
2026-06-09T21:40:47.594+05:30  INFO 2716 --- [main] .m.r.CurrentTenantIdentifierResolverImpl : Resolved tenant: public
2026-06-09T21:40:47.597+05:30  INFO 2716 --- [main] .m.r.CurrentTenantIdentifierResolverImpl : Resolved tenant: public
2026-06-09T21:40:47.598+05:30  INFO 2716 --- [main] .m.r.CurrentTenantIdentifierResolverImpl : Resolved tenant: public
2026-06-09T21:40:47.604+05:30  INFO 2716 --- [main] .m.r.CurrentTenantIdentifierResolverImpl : Resolved tenant: public
2026-06-09T21:40:47.605+05:30  INFO 2716 --- [main] .m.r.CurrentTenantIdentifierResolverImpl : Resolved tenant: public
2026-06-09T21:40:47.607+05:30  INFO 2716 --- [main] .m.r.CurrentTenantIdentifierResolverImpl : Resolved tenant: public
2026-06-09T21:40:47.619+05:30  INFO 2716 --- [main] .m.r.CurrentTenantIdentifierResolverImpl : Resolved tenant: public
2026-06-09T21:40:47.620+05:30  INFO 2716 --- [main] .m.r.CurrentTenantIdentifierResolverImpl : Resolved tenant: public
2026-06-09T21:40:47.622+05:30  INFO 2716 --- [main] .m.r.CurrentTenantIdentifierResolverImpl : Resolved tenant: public
2026-06-09T21:40:47.638+05:30  INFO 2716 --- [main] .m.r.CurrentTenantIdentifierResolverImpl : Resolved tenant: public
2026-06-09T21:40:47.641+05:30  INFO 2716 --- [main] .m.r.CurrentTenantIdentifierResolverImpl : Resolved tenant: public
2026-06-09T21:40:47.654+05:30  INFO 2716 --- [main] .m.r.CurrentTenantIdentifierResolverImpl : Resolved tenant: public
2026-06-09T21:40:47.668+05:30  INFO 2716 --- [main] .m.r.CurrentTenantIdentifierResolverImpl : Resolved tenant: public
2026-06-09T21:40:47.671+05:30  INFO 2716 --- [main] .m.r.CurrentTenantIdentifierResolverImpl : Resolved tenant: public
2026-06-09T21:40:47.671+05:30  INFO 2716 --- [main] .m.r.CurrentTenantIdentifierResolverImpl : Resolved tenant: public
2026-06-09T21:40:47.811+05:30  INFO 2716 --- [main] .m.r.CurrentTenantIdentifierResolverImpl : Resolved tenant: public
2026-06-09T21:40:47.825+05:30  INFO 2716 --- [main] .m.r.CurrentTenantIdentifierResolverImpl : Resolved tenant: public
2026-06-09T21:40:47.829+05:30  INFO 2716 --- [main] .m.r.CurrentTenantIdentifierResolverImpl : Resolved tenant: public
2026-06-09T21:40:47.830+05:30  INFO 2716 --- [main] .m.r.CurrentTenantIdentifierResolverImpl : Resolved tenant: public
2026-06-09T21:40:47.832+05:30  INFO 2716 --- [main] .m.r.CurrentTenantIdentifierResolverImpl : Resolved tenant: public
2026-06-09T21:40:47.834+05:30  INFO 2716 --- [main] .m.r.CurrentTenantIdentifierResolverImpl : Resolved tenant: public
2026-06-09T21:40:47.836+05:30  INFO 2716 --- [main] .m.r.CurrentTenantIdentifierResolverImpl : Resolved tenant: public
2026-06-09T21:40:47.837+05:30  INFO 2716 --- [main] .m.r.CurrentTenantIdentifierResolverImpl : Resolved tenant: public
2026-06-09T21:40:47.844+05:30  INFO 2716 --- [main] .m.r.CurrentTenantIdentifierResolverImpl : Resolved tenant: public
2026-06-09T21:40:47.846+05:30  INFO 2716 --- [main] .m.r.CurrentTenantIdentifierResolverImpl : Resolved tenant: public
2026-06-09T21:40:47.850+05:30  INFO 2716 --- [main] .m.r.CurrentTenantIdentifierResolverImpl : Resolved tenant: public
2026-06-09T21:40:47.851+05:30  INFO 2716 --- [main] .m.r.CurrentTenantIdentifierResolverImpl : Resolved tenant: public
2026-06-09T21:40:47.858+05:30  INFO 2716 --- [main] .m.r.CurrentTenantIdentifierResolverImpl : Resolved tenant: public
2026-06-09T21:40:47.860+05:30  INFO 2716 --- [main] .m.r.CurrentTenantIdentifierResolverImpl : Resolved tenant: public
2026-06-09T21:40:47.863+05:30  INFO 2716 --- [main] .m.r.CurrentTenantIdentifierResolverImpl : Resolved tenant: public
2026-06-09T21:40:47.863+05:30  INFO 2716 --- [main] .m.r.CurrentTenantIdentifierResolverImpl : Resolved tenant: public
2026-06-09T21:40:47.866+05:30  INFO 2716 --- [main] .m.r.CurrentTenantIdentifierResolverImpl : Resolved tenant: public
2026-06-09T21:40:47.868+05:30  INFO 2716 --- [main] .m.r.CurrentTenantIdentifierResolverImpl : Resolved tenant: public
2026-06-09T21:40:47.875+05:30  INFO 2716 --- [main] .m.r.CurrentTenantIdentifierResolverImpl : Resolved tenant: public
2026-06-09T21:40:47.877+05:30  INFO 2716 --- [main] .m.r.CurrentTenantIdentifierResolverImpl : Resolved tenant: public
2026-06-09T21:40:47.881+05:30  INFO 2716 --- [main] .m.r.CurrentTenantIdentifierResolverImpl : Resolved tenant: public
2026-06-09T21:40:47.882+05:30  INFO 2716 --- [main] .m.r.CurrentTenantIdentifierResolverImpl : Resolved tenant: public
2026-06-09T21:40:47.901+05:30  INFO 2716 --- [main] .m.r.CurrentTenantIdentifierResolverImpl : Resolved tenant: public
2026-06-09T21:40:47.906+05:30  INFO 2716 --- [main] .m.r.CurrentTenantIdentifierResolverImpl : Resolved tenant: public
2026-06-09T21:40:47.937+05:30  INFO 2716 --- [main] .m.r.CurrentTenantIdentifierResolverImpl : Resolved tenant: public
2026-06-09T21:40:47.938+05:30  INFO 2716 --- [main] .m.r.CurrentTenantIdentifierResolverImpl : Resolved tenant: public
2026-06-09T21:40:47.940+05:30  INFO 2716 --- [main] .m.r.CurrentTenantIdentifierResolverImpl : Resolved tenant: public
2026-06-09T21:40:48.012+05:30  INFO 2716 --- [main] .m.r.CurrentTenantIdentifierResolverImpl : Resolved tenant: public
2026-06-09T21:40:48.013+05:30  INFO 2716 --- [main] .m.r.CurrentTenantIdentifierResolverImpl : Resolved tenant: public
2026-06-09T21:40:48.015+05:30  INFO 2716 --- [main] .m.r.CurrentTenantIdentifierResolverImpl : Resolved tenant: public
2026-06-09T21:40:48.018+05:30  INFO 2716 --- [main] .m.r.CurrentTenantIdentifierResolverImpl : Resolved tenant: public
2026-06-09T21:40:48.019+05:30  INFO 2716 --- [main] .m.r.CurrentTenantIdentifierResolverImpl : Resolved tenant: public
2026-06-09T21:40:48.024+05:30  INFO 2716 --- [main] .m.r.CurrentTenantIdentifierResolverImpl : Resolved tenant: public
2026-06-09T21:40:48.025+05:30  INFO 2716 --- [main] .m.r.CurrentTenantIdentifierResolverImpl : Resolved tenant: public
2026-06-09T21:40:48.027+05:30  INFO 2716 --- [main] .m.r.CurrentTenantIdentifierResolverImpl : Resolved tenant: public
2026-06-09T21:40:48.028+05:30  INFO 2716 --- [main] .m.r.CurrentTenantIdentifierResolverImpl : Resolved tenant: public
2026-06-09T21:40:48.034+05:30  INFO 2716 --- [main] .m.r.CurrentTenantIdentifierResolverImpl : Resolved tenant: public
2026-06-09T21:40:48.035+05:30  INFO 2716 --- [main] .m.r.CurrentTenantIdentifierResolverImpl : Resolved tenant: public
2026-06-09T21:40:48.037+05:30  INFO 2716 --- [main] .m.r.CurrentTenantIdentifierResolverImpl : Resolved tenant: public
2026-06-09T21:40:48.041+05:30  INFO 2716 --- [main] .m.r.CurrentTenantIdentifierResolverImpl : Resolved tenant: public
2026-06-09T21:40:48.042+05:30  INFO 2716 --- [main] .m.r.CurrentTenantIdentifierResolverImpl : Resolved tenant: public
2026-06-09T21:40:48.043+05:30  INFO 2716 --- [main] .m.r.CurrentTenantIdentifierResolverImpl : Resolved tenant: public
2026-06-09T21:40:48.047+05:30  INFO 2716 --- [main] .m.r.CurrentTenantIdentifierResolverImpl : Resolved tenant: public
2026-06-09T21:40:48.049+05:30  INFO 2716 --- [main] .m.r.CurrentTenantIdentifierResolverImpl : Resolved tenant: public
2026-06-09T21:40:48.051+05:30  INFO 2716 --- [main] .m.r.CurrentTenantIdentifierResolverImpl : Resolved tenant: public
2026-06-09T21:40:48.063+05:30  INFO 2716 --- [main] .m.r.CurrentTenantIdentifierResolverImpl : Resolved tenant: public
2026-06-09T21:40:48.065+05:30  INFO 2716 --- [main] .m.r.CurrentTenantIdentifierResolverImpl : Resolved tenant: public
2026-06-09T21:40:48.067+05:30  INFO 2716 --- [main] .m.r.CurrentTenantIdentifierResolverImpl : Resolved tenant: public
2026-06-09T21:40:48.074+05:30  INFO 2716 --- [main] .m.r.CurrentTenantIdentifierResolverImpl : Resolved tenant: public
2026-06-09T21:40:48.074+05:30  INFO 2716 --- [main] .m.r.CurrentTenantIdentifierResolverImpl : Resolved tenant: public
2026-06-09T21:40:48.076+05:30  INFO 2716 --- [main] .m.r.CurrentTenantIdentifierResolverImpl : Resolved tenant: public
2026-06-09T21:40:48.088+05:30  INFO 2716 --- [main] .m.r.CurrentTenantIdentifierResolverImpl : Resolved tenant: public
2026-06-09T21:40:48.088+05:30  INFO 2716 --- [main] .m.r.CurrentTenantIdentifierResolverImpl : Resolved tenant: public
2026-06-09T21:40:48.091+05:30  INFO 2716 --- [main] .m.r.CurrentTenantIdentifierResolverImpl : Resolved tenant: public
2026-06-09T21:40:48.093+05:30  INFO 2716 --- [main] .m.r.CurrentTenantIdentifierResolverImpl : Resolved tenant: public
2026-06-09T21:40:48.094+05:30  INFO 2716 --- [main] .m.r.CurrentTenantIdentifierResolverImpl : Resolved tenant: public
2026-06-09T21:40:48.096+05:30  INFO 2716 --- [main] .m.r.CurrentTenantIdentifierResolverImpl : Resolved tenant: public
2026-06-09T21:40:48.099+05:30  INFO 2716 --- [main] .m.r.CurrentTenantIdentifierResolverImpl : Resolved tenant: public
2026-06-09T21:40:48.101+05:30  INFO 2716 --- [main] .m.r.CurrentTenantIdentifierResolverImpl : Resolved tenant: public
2026-06-09T21:40:48.103+05:30  INFO 2716 --- [main] .m.r.CurrentTenantIdentifierResolverImpl : Resolved tenant: public
2026-06-09T21:40:48.105+05:30  INFO 2716 --- [main] .m.r.CurrentTenantIdentifierResolverImpl : Resolved tenant: public
2026-06-09T21:40:48.106+05:30  INFO 2716 --- [main] .m.r.CurrentTenantIdentifierResolverImpl : Resolved tenant: public
2026-06-09T21:40:48.108+05:30  INFO 2716 --- [main] .m.r.CurrentTenantIdentifierResolverImpl : Resolved tenant: public
2026-06-09T21:40:48.109+05:30  INFO 2716 --- [main] .m.r.CurrentTenantIdentifierResolverImpl : Resolved tenant: public
2026-06-09T21:40:48.119+05:30  INFO 2716 --- [main] .m.r.CurrentTenantIdentifierResolverImpl : Resolved tenant: public
2026-06-09T21:40:48.124+05:30  INFO 2716 --- [main] .m.r.CurrentTenantIdentifierResolverImpl : Resolved tenant: public
2026-06-09T21:40:48.127+05:30  INFO 2716 --- [main] .m.r.CurrentTenantIdentifierResolverImpl : Resolved tenant: public
2026-06-09T21:40:48.127+05:30  INFO 2716 --- [main] .m.r.CurrentTenantIdentifierResolverImpl : Resolved tenant: public
2026-06-09T21:40:48.135+05:30  INFO 2716 --- [main] .m.r.CurrentTenantIdentifierResolverImpl : Resolved tenant: public
2026-06-09T21:40:48.136+05:30  INFO 2716 --- [main] .m.r.CurrentTenantIdentifierResolverImpl : Resolved tenant: public
2026-06-09T21:40:48.138+05:30  INFO 2716 --- [main] .m.r.CurrentTenantIdentifierResolverImpl : Resolved tenant: public
2026-06-09T21:40:48.143+05:30  INFO 2716 --- [main] .m.r.CurrentTenantIdentifierResolverImpl : Resolved tenant: public
2026-06-09T21:40:48.144+05:30  INFO 2716 --- [main] .m.r.CurrentTenantIdentifierResolverImpl : Resolved tenant: public
2026-06-09T21:40:48.146+05:30  INFO 2716 --- [main] .m.r.CurrentTenantIdentifierResolverImpl : Resolved tenant: public
2026-06-09T21:40:48.149+05:30  INFO 2716 --- [main] .m.r.CurrentTenantIdentifierResolverImpl : Resolved tenant: public
2026-06-09T21:40:48.151+05:30  INFO 2716 --- [main] .m.r.CurrentTenantIdentifierResolverImpl : Resolved tenant: public
2026-06-09T21:40:48.153+05:30  INFO 2716 --- [main] .m.r.CurrentTenantIdentifierResolverImpl : Resolved tenant: public
2026-06-09T21:40:48.156+05:30  INFO 2716 --- [main] .m.r.CurrentTenantIdentifierResolverImpl : Resolved tenant: public
2026-06-09T21:40:48.156+05:30  INFO 2716 --- [main] .m.r.CurrentTenantIdentifierResolverImpl : Resolved tenant: public
2026-06-09T21:40:48.158+05:30  INFO 2716 --- [main] .m.r.CurrentTenantIdentifierResolverImpl : Resolved tenant: public
2026-06-09T21:40:48.164+05:30  INFO 2716 --- [main] .m.r.CurrentTenantIdentifierResolverImpl : Resolved tenant: public
2026-06-09T21:40:48.166+05:30  INFO 2716 --- [main] .m.r.CurrentTenantIdentifierResolverImpl : Resolved tenant: public
2026-06-09T21:40:48.168+05:30  INFO 2716 --- [main] .m.r.CurrentTenantIdentifierResolverImpl : Resolved tenant: public
2026-06-09T21:40:48.170+05:30  INFO 2716 --- [main] .m.r.CurrentTenantIdentifierResolverImpl : Resolved tenant: public
2026-06-09T21:40:48.171+05:30  INFO 2716 --- [main] .m.r.CurrentTenantIdentifierResolverImpl : Resolved tenant: public
2026-06-09T21:40:48.174+05:30  INFO 2716 --- [main] .m.r.CurrentTenantIdentifierResolverImpl : Resolved tenant: public
2026-06-09T21:40:48.175+05:30  INFO 2716 --- [main] .m.r.CurrentTenantIdentifierResolverImpl : Resolved tenant: public
2026-06-09T21:40:48.176+05:30  INFO 2716 --- [main] .m.r.CurrentTenantIdentifierResolverImpl : Resolved tenant: public
2026-06-09T21:40:48.177+05:30  INFO 2716 --- [main] .m.r.CurrentTenantIdentifierResolverImpl : Resolved tenant: public
2026-06-09T21:40:48.180+05:30  INFO 2716 --- [main] .m.r.CurrentTenantIdentifierResolverImpl : Resolved tenant: public
2026-06-09T21:40:48.181+05:30  INFO 2716 --- [main] .m.r.CurrentTenantIdentifierResolverImpl : Resolved tenant: public
2026-06-09T21:40:48.184+05:30  INFO 2716 --- [main] .m.r.CurrentTenantIdentifierResolverImpl : Resolved tenant: public
2026-06-09T21:40:48.190+05:30  INFO 2716 --- [main] .m.r.CurrentTenantIdentifierResolverImpl : Resolved tenant: public
2026-06-09T21:40:48.191+05:30  INFO 2716 --- [main] .m.r.CurrentTenantIdentifierResolverImpl : Resolved tenant: public
2026-06-09T21:40:48.192+05:30  INFO 2716 --- [main] .m.r.CurrentTenantIdentifierResolverImpl : Resolved tenant: public
2026-06-09T21:40:48.199+05:30  INFO 2716 --- [main] .m.r.CurrentTenantIdentifierResolverImpl : Resolved tenant: public
2026-06-09T21:40:48.200+05:30  INFO 2716 --- [main] .m.r.CurrentTenantIdentifierResolverImpl : Resolved tenant: public
2026-06-09T21:40:48.201+05:30  INFO 2716 --- [main] .m.r.CurrentTenantIdentifierResolverImpl : Resolved tenant: public
2026-06-09T21:40:48.204+05:30  INFO 2716 --- [main] .m.r.CurrentTenantIdentifierResolverImpl : Resolved tenant: public
2026-06-09T21:40:48.205+05:30  INFO 2716 --- [main] .m.r.CurrentTenantIdentifierResolverImpl : Resolved tenant: public
2026-06-09T21:40:48.206+05:30  INFO 2716 --- [main] .m.r.CurrentTenantIdentifierResolverImpl : Resolved tenant: public
2026-06-09T21:40:48.218+05:30  INFO 2716 --- [main] .m.r.CurrentTenantIdentifierResolverImpl : Resolved tenant: public
2026-06-09T21:40:48.221+05:30  INFO 2716 --- [main] .m.r.CurrentTenantIdentifierResolverImpl : Resolved tenant: public
2026-06-09T21:40:48.235+05:30  INFO 2716 --- [main] .m.r.CurrentTenantIdentifierResolverImpl : Resolved tenant: public
2026-06-09T21:40:48.239+05:30  INFO 2716 --- [main] .m.r.CurrentTenantIdentifierResolverImpl : Resolved tenant: public
2026-06-09T21:40:48.252+05:30  INFO 2716 --- [main] .m.r.CurrentTenantIdentifierResolverImpl : Resolved tenant: public
2026-06-09T21:40:48.257+05:30  INFO 2716 --- [main] .m.r.CurrentTenantIdentifierResolverImpl : Resolved tenant: public
2026-06-09T21:40:48.285+05:30  INFO 2716 --- [main] .m.r.CurrentTenantIdentifierResolverImpl : Resolved tenant: public
2026-06-09T21:40:48.291+05:30  INFO 2716 --- [main] .m.r.CurrentTenantIdentifierResolverImpl : Resolved tenant: public
2026-06-09T21:40:48.294+05:30  INFO 2716 --- [main] .m.r.CurrentTenantIdentifierResolverImpl : Resolved tenant: public
2026-06-09T21:40:48.296+05:30  INFO 2716 --- [main] .m.r.CurrentTenantIdentifierResolverImpl : Resolved tenant: public
2026-06-09T21:40:48.302+05:30  INFO 2716 --- [main] .m.r.CurrentTenantIdentifierResolverImpl : Resolved tenant: public
2026-06-09T21:40:48.302+05:30  INFO 2716 --- [main] .m.r.CurrentTenantIdentifierResolverImpl : Resolved tenant: public
2026-06-09T21:40:48.341+05:30  INFO 2716 --- [main] .m.r.CurrentTenantIdentifierResolverImpl : Resolved tenant: public
2026-06-09T21:40:48.349+05:30  INFO 2716 --- [main] .m.r.CurrentTenantIdentifierResolverImpl : Resolved tenant: public
2026-06-09T21:40:48.442+05:30  INFO 2716 --- [main] c.e.Backend.payment.PaymentService       : PaymentService initialized for key id: rzp_test_SutuJ4LOVKGUJP
2026-06-09T21:40:48.502+05:30  WARN 2716 --- [main] JpaBaseConfiguration$JpaWebConfiguration : spring.jpa.open-in-view is enabled by default. Therefore, database queries may be performed during view rendering. Explicitly configure spring.jpa.open-in-view to disable this warning
2026-06-09T21:40:48.536+05:30  INFO 2716 --- [main] r$InitializeUserDetailsManagerConfigurer : Global AuthenticationManager configured with UserDetailsService bean with name customUserDetailsService
2026-06-09T21:40:48.872+05:30  INFO 2716 --- [main] c.e.B.Configuration.SecurityConfig       : Security filter chain configured
2026-06-09T21:40:49.105+05:30  INFO 2716 --- [main] .m.r.CurrentTenantIdentifierResolverImpl : Resolved tenant: public
2026-06-09T21:40:49.107+05:30  INFO 2716 --- [main] .m.r.CurrentTenantIdentifierResolverImpl : Resolved tenant: public
2026-06-09T21:40:49.265+05:30  INFO 2716 --- [main] o.s.b.w.embedded.tomcat.TomcatWebServer  : Tomcat started on port 8080 (http) with context path '/'
2026-06-09T21:40:49.269+05:30  INFO 2716 --- [main] o.s.m.s.b.SimpleBrokerMessageHandler     : Starting...
2026-06-09T21:40:49.270+05:30  INFO 2716 --- [main] o.s.m.s.b.SimpleBrokerMessageHandler     : BrokerAvailabilityEvent[available=true, SimpleBrokerMessageHandler [org.springframework.messaging.simp.broker.DefaultSubscriptionRegistry@4b6f196c]]
2026-06-09T21:40:49.270+05:30  INFO 2716 --- [main] o.s.m.s.b.SimpleBrokerMessageHandler     : Started.
2026-06-09T21:40:49.284+05:30  INFO 2716 --- [main] com.example.Backend.BackendApplication   : Started BackendApplication in 7.561 seconds (process running for 7.876)
2026-06-09T21:41:10.490+05:30  INFO 2716 --- [http-nio-8080-exec-1] o.a.c.c.C.[Tomcat].[localhost].[/]       : Initializing Spring DispatcherServlet 'dispatcherServlet'
2026-06-09T21:41:10.490+05:30  INFO 2716 --- [http-nio-8080-exec-1] o.s.web.servlet.DispatcherServlet        : Initializing Servlet 'dispatcherServlet'
2026-06-09T21:41:10.494+05:30  INFO 2716 --- [http-nio-8080-exec-1] o.s.web.servlet.DispatcherServlet        : Completed initialization in 4 ms
2026-06-09T21:41:10.529+05:30  INFO 2716 --- [http-nio-8080-exec-1] .m.r.CurrentTenantIdentifierResolverImpl : Resolved tenant: public
2026-06-09T21:41:10.740+05:30  INFO 2716 --- [http-nio-8080-exec-1] .B.m.c.MultiTenantConnectionProviderImpl : Switching database schema to tenant: public
2026-06-09T21:41:10.899+05:30  INFO 2716 --- [http-nio-8080-exec-1] org.flywaydb.core.FlywayExecutor         : Database: jdbc:postgresql://localhost:5432/saas_pos (PostgreSQL 16.14)
2026-06-09T21:41:10.945+05:30  INFO 2716 --- [http-nio-8080-exec-1] o.f.c.i.s.JdbcTableSchemaHistory         : Schema history table "tenant_vsjuice_ind"."flyway_schema_history" does not exist yet
2026-06-09T21:41:10.949+05:30  INFO 2716 --- [http-nio-8080-exec-1] o.f.core.internal.command.DbValidate     : Successfully validated 3 migrations (execution time 00:00.024s)
2026-06-09T21:41:10.972+05:30  INFO 2716 --- [http-nio-8080-exec-1] o.f.c.i.s.JdbcTableSchemaHistory         : Creating Schema History table "tenant_vsjuice_ind"."flyway_schema_history" ...
2026-06-09T21:41:11.033+05:30  INFO 2716 --- [http-nio-8080-exec-1] o.f.core.internal.command.DbMigrate      : Current version of schema "tenant_vsjuice_ind": << Empty Schema >>
2026-06-09T21:41:11.047+05:30  INFO 2716 --- [http-nio-8080-exec-1] o.f.core.internal.command.DbMigrate      : Migrating schema "tenant_vsjuice_ind" to version "1 - init tables"
2026-06-09T21:41:11.220+05:30  INFO 2716 --- [http-nio-8080-exec-1] o.f.core.internal.command.DbMigrate      : Migrating schema "tenant_vsjuice_ind" to version "2 - create ordering tables"
2026-06-09T21:41:11.313+05:30  INFO 2716 --- [http-nio-8080-exec-1] o.f.core.internal.command.DbMigrate      : Migrating schema "tenant_vsjuice_ind" to version "3 - customer display"
2026-06-09T21:41:11.351+05:30  INFO 2716 --- [http-nio-8080-exec-1] o.f.core.internal.command.DbMigrate      : Successfully applied 3 migrations to schema "tenant_vsjuice_ind", now at version v3 (execution time 00:00.268s)
2026-06-09T21:41:19.180+05:30  INFO 2716 --- [http-nio-8080-exec-3] .m.r.CurrentTenantIdentifierResolverImpl : Resolved tenant: public
2026-06-09T21:41:19.185+05:30  INFO 2716 --- [http-nio-8080-exec-3] .B.m.c.MultiTenantConnectionProviderImpl : Switching database schema to tenant: public
2026-06-09T21:41:19.200+05:30  INFO 2716 --- [http-nio-8080-exec-3] org.flywaydb.core.FlywayExecutor         : Database: jdbc:postgresql://localhost:5432/saas_pos (PostgreSQL 16.14)
2026-06-09T21:41:19.206+05:30  INFO 2716 --- [http-nio-8080-exec-3] o.f.c.i.s.JdbcTableSchemaHistory         : Schema history table "tenant_vsjuice_sg"."flyway_schema_history" does not exist yet
2026-06-09T21:41:19.207+05:30  INFO 2716 --- [http-nio-8080-exec-3] o.f.core.internal.command.DbValidate     : Successfully validated 3 migrations (execution time 00:00.003s)
2026-06-09T21:41:19.212+05:30  INFO 2716 --- [http-nio-8080-exec-3] o.f.c.i.s.JdbcTableSchemaHistory         : Creating Schema History table "tenant_vsjuice_sg"."flyway_schema_history" ...
2026-06-09T21:41:19.243+05:30  INFO 2716 --- [http-nio-8080-exec-3] o.f.core.internal.command.DbMigrate      : Current version of schema "tenant_vsjuice_sg": << Empty Schema >>
2026-06-09T21:41:19.247+05:30  INFO 2716 --- [http-nio-8080-exec-3] o.f.core.internal.command.DbMigrate      : Migrating schema "tenant_vsjuice_sg" to version "1 - init tables"
2026-06-09T21:41:19.403+05:30  INFO 2716 --- [http-nio-8080-exec-3] o.f.core.internal.command.DbMigrate      : Migrating schema "tenant_vsjuice_sg" to version "2 - create ordering tables"
2026-06-09T21:41:19.481+05:30  INFO 2716 --- [http-nio-8080-exec-3] o.f.core.internal.command.DbMigrate      : Migrating schema "tenant_vsjuice_sg" to version "3 - customer display"
2026-06-09T21:41:19.511+05:30  INFO 2716 --- [http-nio-8080-exec-3] o.f.core.internal.command.DbMigrate      : Successfully applied 3 migrations to schema "tenant_vsjuice_sg", now at version v3 (execution time 00:00.244s)
2026-06-09T21:41:49.244+05:30  INFO 2716 --- [MessageBroker-1] o.s.w.s.c.WebSocketMessageBrokerStats    : WebSocketSession[0 current WS(0)-HttpStream(0)-HttpPoll(0), 0 total, 0 closed abnormally (0 connect failure, 0 send limit, 0 transport error)], stompSubProtocol[processed CONNECT(0)-CONNECTED(0)-DISCONNECT(0)], stompBrokerRelay[null], inboundChannel[pool size = 0, active threads = 0, queued tasks = 0, completed tasks = 0], outboundChannel[pool size = 0, active threads = 0, queued tasks = 0, completed tasks = 0], sockJsScheduler[pool size = 1, active threads = 1, queued tasks = 0, completed tasks = 0]
